,reaction_idx,uid,substrates,products,solvent,reaction_smiles,label,simulation_idx
0,0,0,O=C1C=CC2(C=C1I)OCCO2.C1=CCC=C1,O=C1C(I)=CC2(OCCO2)C2C3C=CC(C3)C12,CH2Cl2,O=C1C=CC2(C=C1I)OCCO2.C1=CCC=C1>>O=C1C(I)=CC2(OCCO2)C2C3C=CC(C3)C12,1,0.0
1,0,1,O=C1C=CC2(C=C1I)OCCO2.C1=CCC=C1,O=C1C=CC2(OCCO2)C2C3C=CC(C3)C12I,CH2Cl2,O=C1C=CC2(C=C1I)OCCO2.C1=CCC=C1>>O=C1C=CC2(OCCO2)C2C3C=CC(C3)C12I,0,0.0
2,8,2,C=CC=COC(C)=O.C=CC=O,CC(=O)OC1C=CCCC1C=O,Water,C=CC=COC(C)=O.C=CC=O>>CC(=O)OC1C=CCCC1C=O,1,0.0
3,8,3,C=CC=COC(C)=O.C=CC=O,CC(=O)OC1C=CCC(C=O)C1,Water,C=CC=COC(C)=O.C=CC=O>>CC(=O)OC1C=CCC(C=O)C1,0,0.0
4,18,4,COC1=C(OC)C(=O)C(C)=CC1=O.C1=CCC=C1,COC12C(=O)C=C(C)C(=O)C1(OC)C1C=CC2C1,Methanol,COC1=C(OC)C(=O)C(C)=CC1=O.C1=CCC=C1>>COC12C(=O)C=C(C)C(=O)C1(OC)C1C=CC2C1,0,0.0
5,18,5,COC1=C(OC)C(=O)C(C)=CC1=O.C1=CCC=C1,COC1=C(OC)C(=O)C2(C)C3C=CC(C3)C2C1=O,Methanol,COC1=C(OC)C(=O)C(C)=CC1=O.C1=CCC=C1>>COC1=C(OC)C(=O)C2(C)C3C=CC(C3)C2C1=O,1,0.0
6,33,6,C=C(C)C=O.C=CC(=C)C,CC1=CCC(C)(C=O)CC1,CHCl3,C=C(C)C=O.C=CC(=C)C>>CC1=CCC(C)(C=O)CC1,1,0.0
7,33,7,C=C(C)C=O.C=CC(=C)C,CC1=CCCC(C)(C=O)C1,CHCl3,C=C(C)C=O.C=CC(=C)C>>CC1=CCCC(C)(C=O)C1,0,0.0
8,38,8,CC1=CC(C)CCC1=O.C=CC(=C)C,CC1=CCC2(C)C(=O)CCC(C)C2C1,Toluene,CC1=CC(C)CCC1=O.C=CC(=C)C>>CC1=CCC2(C)C(=O)CCC(C)C2C1,1,0.0
9,38,9,CC1=CC(C)CCC1=O.C=CC(=C)C,CC1=CCC2C(C)CCC(=O)C2(C)C1,Toluene,CC1=CC(C)CCC1=O.C=CC(=C)C>>CC1=CCC2C(C)CCC(=O)C2(C)C1,0,0.0
10,39,10,CC=C(C)C=O.C=CC=CCC(=O)OCC,CCOC(=O)CC1C=CCC(C)(C=O)C1C,CH2Cl2,CC=C(C)C=O.C=CC=CCC(=O)OCC>>CCOC(=O)CC1C=CCC(C)(C=O)C1C,0,0.0
11,39,11,CC=C(C)C=O.C=CC=CCC(=O)OCC,CCOC(=O)CC1C=CCC(C)C1(C)C=O,CH2Cl2,CC=C(C)C=O.C=CC=CCC(=O)OCC>>CCOC(=O)CC1C=CCC(C)C1(C)C=O,1,0.0
12,46,12,O=C(C=Cc1ccccc1)c1ccccc1.C=CC(=C)C,CC1=CCC(c2ccccc2)C(C(=O)c2ccccc2)C1,Toluene,O=C(C=Cc1ccccc1)c1ccccc1.C=CC(=C)C>>CC1=CCC(c2ccccc2)C(C(=O)c2ccccc2)C1,0,0.0
13,46,13,O=C(C=Cc1ccccc1)c1ccccc1.C=CC(=C)C,CC1=CCC(C(=O)c2ccccc2)C(c2ccccc2)C1,Toluene,O=C(C=Cc1ccccc1)c1ccccc1.C=CC(=C)C>>CC1=CCC(C(=O)c2ccccc2)C(c2ccccc2)C1,1,0.0
14,47,14,CC1=CCC(C)C(C)C1=O.C=CC(=C)C,CC1=CCC2CC(C)C(C)C(=O)C2(C)C1,Toluene,CC1=CCC(C)C(C)C1=O.C=CC(=C)C>>CC1=CCC2CC(C)C(C)C(=O)C2(C)C1,0,0.0
15,47,15,CC1=CCC(C)C(C)C1=O.C=CC(=C)C,CC1=CCC2(C)C(=O)C(C)C(C)CC2C1,Toluene,CC1=CCC(C)C(C)C1=O.C=CC(=C)C>>CC1=CCC2(C)C(=O)C(C)C(C)CC2C1,1,0.0
16,58,16,C=CC(=C)CC(C)C.CC=CC=O,CC(C)CC1=CCC(C=O)C(C)C1,CH2Cl2,C=CC(=C)CC(C)C.CC=CC=O>>CC(C)CC1=CCC(C=O)C(C)C1,1,0.0
17,58,17,C=CC(=C)CC(C)C.CC=CC=O,CC(C)CC1=CCC(C)C(C=O)C1,CH2Cl2,C=CC(=C)CC(C)C.CC=CC=O>>CC(C)CC1=CCC(C)C(C=O)C1,0,0.0
18,63,18,C=CC(C)=O.C=CC(=C)C,CC(=O)C1CC=C(C)CC1,CH2Cl2,C=CC(C)=O.C=CC(=C)C>>CC(=O)C1CC=C(C)CC1,1,0.0
19,63,19,C=CC(C)=O.C=CC(=C)C,CC(=O)C1CCC=C(C)C1,CH2Cl2,C=CC(C)=O.C=CC(=C)C>>CC(=O)C1CCC=C(C)C1,0,0.0
20,76,20,C1=CCC=C1.CC(C)=CCC1=CC(=O)C=CC1=O,CC(C)=CCC12C(=O)C=CC(=O)C1C1C=CC2C1,Methanol,C1=CCC=C1.CC(C)=CCC1=CC(=O)C=CC1=O>>CC(C)=CCC12C(=O)C=CC(=O)C1C1C=CC2C1,0,0.0
21,76,21,C1=CCC=C1.CC(C)=CCC1=CC(=O)C=CC1=O,CC1(C)C2C=CC(C2)C1CC1=CC(=O)C=CC1=O,Methanol,C1=CCC=C1.CC(C)=CCC1=CC(=O)C=CC1=O>>CC1(C)C2C=CC(C2)C1CC1=CC(=O)C=CC1=O,0,0.0
22,76,22,C1=CCC=C1.CC(C)=CCC1=CC(=O)C=CC1=O,CC(C)=CCC1=CC(=O)C2C3C=CC(C3)C2C1=O,Methanol,C1=CCC=C1.CC(C)=CCC1=CC(=O)C=CC1=O>>CC(C)=CCC1=CC(=O)C2C3C=CC(C3)C2C1=O,1,0.0
23,92,23,CC=Cc1ccc(OC)cc1.C=CC(=C)C,COc1ccc(C2CC=C(C)CC2C)cc1,CH2Cl2,CC=Cc1ccc(OC)cc1.C=CC(=C)C>>COc1ccc(C2CC=C(C)CC2C)cc1,1,0.0
24,92,24,CC=Cc1ccc(OC)cc1.C=CC(=C)C,COc1ccc(C2CC(C)=CCC2C)cc1,CH2Cl2,CC=Cc1ccc(OC)cc1.C=CC(=C)C>>COc1ccc(C2CC(C)=CCC2C)cc1,0,0.0
25,123,25,O=C(C=Cc1ccccc1)c1ccccc1O.C=CC(=C)C,CC1=CCC(C(=O)c2ccccc2O)C(c2ccccc2)C1,CH2Cl2,O=C(C=Cc1ccccc1)c1ccccc1O.C=CC(=C)C>>CC1=CCC(C(=O)c2ccccc2O)C(c2ccccc2)C1,1,0.0
26,123,26,O=C(C=Cc1ccccc1)c1ccccc1O.C=CC(=C)C,CC1=CCC(c2ccccc2)C(C(=O)c2ccccc2O)C1,CH2Cl2,O=C(C=Cc1ccccc1)c1ccccc1O.C=CC(=C)C>>CC1=CCC(c2ccccc2)C(C(=O)c2ccccc2O)C1,0,0.0
27,172,27,C=CC1=CCCc2cc(OC)ccc21.CCC(C=O)=CC(=O)OC,CCC1(C=O)CC=C2c3ccc(OC)cc3CCC2C1C(=O)OC,CH2Cl2,C=CC1=CCCc2cc(OC)ccc21.CCC(C=O)=CC(=O)OC>>CCC1(C=O)CC=C2c3ccc(OC)cc3CCC2C1C(=O)OC,1,0.0
28,172,28,C=CC1=CCCc2cc(OC)ccc21.CCC(C=O)=CC(=O)OC,CCC1(C=O)C(C(=O)OC)CC=C2c3ccc(OC)cc3CCC21,CH2Cl2,C=CC1=CCCc2cc(OC)ccc21.CCC(C=O)=CC(=O)OC>>CCC1(C=O)C(C(=O)OC)CC=C2c3ccc(OC)cc3CCC21,0,0.0
29,177,29,C=CC=C.COC1=C(C(C)C)C(=O)C=C(C)C1=O,COC12CC=CCC1(C(C)C)C(=O)C=C(C)C2=O,Toluene,C=CC=C.COC1=C(C(C)C)C(=O)C=C(C)C1=O>>COC12CC=CCC1(C(C)C)C(=O)C=C(C)C2=O,0,0.0
30,177,30,C=CC=C.COC1=C(C(C)C)C(=O)C=C(C)C1=O,COC1=C(C(C)C)C(=O)C2CC=CCC2(C)C1=O,Toluene,C=CC=C.COC1=C(C(C)C)C(=O)C=C(C)C1=O>>COC1=C(C(C)C)C(=O)C2CC=CCC2(C)C1=O,1,0.0
31,192,31,CCOC(=O)C=CC=O.C=CC(=C)C,CCOC(=O)C1CC=C(C)CC1C=O,Water,CCOC(=O)C=CC=O.C=CC(=C)C>>CCOC(=O)C1CC=C(C)CC1C=O,0,0.0
32,192,32,CCOC(=O)C=CC=O.C=CC(=C)C,CCOC(=O)C1CC(C)=CCC1C=O,Water,CCOC(=O)C=CC=O.C=CC(=C)C>>CCOC(=O)C1CC(C)=CCC1C=O,1,0.0
33,215,33,C=C(C)C=C(C)C.C=C(C)C=O,CC1=CC(C)(C)CC(C)(C=O)C1,CH2Cl2,C=C(C)C=C(C)C.C=C(C)C=O>>CC1=CC(C)(C)CC(C)(C=O)C1,0,0.0
34,215,34,C=C(C)C=C(C)C.C=C(C)C=O,CC1=CC(C)(C)C(C)(C=O)CC1,CH2Cl2,C=C(C)C=C(C)C.C=C(C)C=O>>CC1=CC(C)(C)C(C)(C=O)CC1,1,0.0
35,254,35,C=CC1=CCCc2cc(OC)ccc21.C=C(F)C(=O)CCCC,CCCCC(=O)C1(F)CCC=C2c3ccc(OC)cc3CCC21,CH2Cl2,C=CC1=CCCc2cc(OC)ccc21.C=C(F)C(=O)CCCC>>CCCCC(=O)C1(F)CCC=C2c3ccc(OC)cc3CCC21,0,0.0
36,254,36,C=CC1=CCCc2cc(OC)ccc21.C=C(F)C(=O)CCCC,CCCCC(=O)C1(F)CC=C2c3ccc(OC)cc3CCC2C1,CH2Cl2,C=CC1=CCCc2cc(OC)ccc21.C=C(F)C(=O)CCCC>>CCCCC(=O)C1(F)CC=C2c3ccc(OC)cc3CCC2C1,1,0.0
37,256,37,C=C(F)C(=O)CCCC.C1=CC(CCc2ccccc2)=CC1,CCCCC(=O)C1(F)CC2CC1C=C2CCc1ccccc1,CH2Cl2,C=C(F)C(=O)CCCC.C1=CC(CCc2ccccc2)=CC1>>CCCCC(=O)C1(F)CC2CC1C=C2CCc1ccccc1,1,0.0
38,256,38,C=C(F)C(=O)CCCC.C1=CC(CCc2ccccc2)=CC1,CCCCC(=O)C1(F)CC2C=C(CCc3ccccc3)C1C2,CH2Cl2,C=C(F)C(=O)CCCC.C1=CC(CCc2ccccc2)=CC1>>CCCCC(=O)C1(F)CC2C=C(CCc3ccccc3)C1C2,0,0.0
39,257,39,C=C(F)C(=O)CCCC.Brc1ccc(CC2=CCC=C2)cc1,CCCCC(=O)C1(F)CC2CC1C=C2Cc1ccc(Br)cc1,CH2Cl2,C=C(F)C(=O)CCCC.Brc1ccc(CC2=CCC=C2)cc1>>CCCCC(=O)C1(F)CC2CC1C=C2Cc1ccc(Br)cc1,1,0.0
40,257,40,C=C(F)C(=O)CCCC.Brc1ccc(CC2=CCC=C2)cc1,CCCCC(=O)C1(F)CC2C=C(Cc3ccc(Br)cc3)C1C2,CH2Cl2,C=C(F)C(=O)CCCC.Brc1ccc(CC2=CCC=C2)cc1>>CCCCC(=O)C1(F)CC2C=C(Cc3ccc(Br)cc3)C1C2,0,0.0
41,276,41,C=CC(=C)C[Si](C)(C)C.C=CC(C)=O,CC(=O)C1CCC=C(C[Si](C)(C)C)C1,Benzene,C=CC(=C)C[Si](C)(C)C.C=CC(C)=O>>CC(=O)C1CCC=C(C[Si](C)(C)C)C1,0,0.0
42,276,42,C=CC(=C)C[Si](C)(C)C.C=CC(C)=O,CC(=O)C1CC=C(C[Si](C)(C)C)CC1,Benzene,C=CC(=C)C[Si](C)(C)C.C=CC(C)=O>>CC(=O)C1CC=C(C[Si](C)(C)C)CC1,1,0.0
43,282,43,N#CC1=CCCCC1=O.C=CC(=C)C,CC1=CCC2CCCC(=O)C2(C#N)C1,Ether,N#CC1=CCCCC1=O.C=CC(=C)C>>CC1=CCC2CCCC(=O)C2(C#N)C1,0,0.0
44,282,44,N#CC1=CCCCC1=O.C=CC(=C)C,CC1=CCC2(C#N)C(=O)CCCC2C1,Ether,N#CC1=CCCCC1=O.C=CC(=C)C>>CC1=CCC2(C#N)C(=O)CCCC2C1,1,0.0
45,306,45,C=CC1=CCCc2cc(OC)ccc21.O=C1CCC=C1Br,COc1ccc2c(c1)CCC1C2=CCC2(Br)C(=O)CCC12,CH2Cl2,C=CC1=CCCc2cc(OC)ccc21.O=C1CCC=C1Br>>COc1ccc2c(c1)CCC1C2=CCC2(Br)C(=O)CCC12,1,0.0
46,306,46,C=CC1=CCCc2cc(OC)ccc21.O=C1CCC=C1Br,COc1ccc2c(c1)CCC1C2=CCC2CCC(=O)C21Br,CH2Cl2,C=CC1=CCCc2cc(OC)ccc21.O=C1CCC=C1Br>>COc1ccc2c(c1)CCC1C2=CCC2CCC(=O)C21Br,0,0.0
47,307,47,C=CC1=CCCc2cc(OC)ccc21.O=C1CCC=C1Cl,COc1ccc2c(c1)CCC1C2=CCC2CCC(=O)C21Cl,CH2Cl2,C=CC1=CCCc2cc(OC)ccc21.O=C1CCC=C1Cl>>COc1ccc2c(c1)CCC1C2=CCC2CCC(=O)C21Cl,0,0.0
48,307,48,C=CC1=CCCc2cc(OC)ccc21.O=C1CCC=C1Cl,COc1ccc2c(c1)CCC1C2=CCC2(Cl)C(=O)CCC12,CH2Cl2,C=CC1=CCCc2cc(OC)ccc21.O=C1CCC=C1Cl>>COc1ccc2c(c1)CCC1C2=CCC2(Cl)C(=O)CCC12,1,0.0
49,322,49,CC1=CC(=O)CCC1.C=C(C=C(C)C)O[Si](C)(C)C(C)(C)C,CC1(C)C=C(O[Si](C)(C)C(C)(C)C)CC2(C)CCCC(=O)C12,CH2Cl2,CC1=CC(=O)CCC1.C=C(C=C(C)C)O[Si](C)(C)C(C)(C)C>>CC1(C)C=C(O[Si](C)(C)C(C)(C)C)CC2(C)CCCC(=O)C12,1,0.0
50,322,50,CC1=CC(=O)CCC1.C=C(C=C(C)C)O[Si](C)(C)C(C)(C)C,CC1(C)C=C(O[Si](C)(C)C(C)(C)C)CC2C(=O)CCCC21C,CH2Cl2,CC1=CC(=O)CCC1.C=C(C=C(C)C)O[Si](C)(C)C(C)(C)C>>CC1(C)C=C(O[Si](C)(C)C(C)(C)C)CC2C(=O)CCCC21C,0,0.0
51,323,51,CC(=O)C1=C(C)CCC1.C=C(C=C(C)C)O[Si](C)(C)C(C)(C)C,CC(=O)C12CCCC1(C)CC(O[Si](C)(C)C(C)(C)C)=CC2(C)C,CH2Cl2,CC(=O)C1=C(C)CCC1.C=C(C=C(C)C)O[Si](C)(C)C(C)(C)C>>CC(=O)C12CCCC1(C)CC(O[Si](C)(C)C(C)(C)C)=CC2(C)C,1,0.0
52,323,52,CC(=O)C1=C(C)CCC1.C=C(C=C(C)C)O[Si](C)(C)C(C)(C)C,CC(=O)C12CCCC1(C)C(C)(C)C=C(O[Si](C)(C)C(C)(C)C)C2,CH2Cl2,CC(=O)C1=C(C)CCC1.C=C(C=C(C)C)O[Si](C)(C)C(C)(C)C>>CC(=O)C12CCCC1(C)C(C)(C)C=C(O[Si](C)(C)C(C)(C)C)C2,0,0.0
53,325,53,O=CC1=CCCCC1.C=CC(=C)O[Si](C(C)C)(C(C)C)C(C)C,CC(C)[Si](OC1=CCC2CCCCC2(C=O)C1)(C(C)C)C(C)C,Toluene,O=CC1=CCCCC1.C=CC(=C)O[Si](C(C)C)(C(C)C)C(C)C>>CC(C)[Si](OC1=CCC2CCCCC2(C=O)C1)(C(C)C)C(C)C,0,0.0
54,325,54,O=CC1=CCCCC1.C=CC(=C)O[Si](C(C)C)(C(C)C)C(C)C,CC(C)[Si](OC1=CCC2(C=O)CCCCC2C1)(C(C)C)C(C)C,Toluene,O=CC1=CCCCC1.C=CC(=C)O[Si](C(C)C)(C(C)C)C(C)C>>CC(C)[Si](OC1=CCC2(C=O)CCCCC2C1)(C(C)C)C(C)C,1,0.0
55,338,55,C=CC(C)=O.C=CC(=C)C1NC(=O)C1C(C)O[Si](C)(C)C(C)(C)C,CC(=O)C1CC=C(C2NC(=O)C2C(C)O[Si](C)(C)C(C)(C)C)CC1,Benzene,C=CC(C)=O.C=CC(=C)C1NC(=O)C1C(C)O[Si](C)(C)C(C)(C)C>>CC(=O)C1CC=C(C2NC(=O)C2C(C)O[Si](C)(C)C(C)(C)C)CC1,1,0.0
56,338,56,C=CC(C)=O.C=CC(=C)C1NC(=O)C1C(C)O[Si](C)(C)C(C)(C)C,CC(=O)C1CCC=C(C2NC(=O)C2C(C)O[Si](C)(C)C(C)(C)C)C1,Benzene,C=CC(C)=O.C=CC(=C)C1NC(=O)C1C(C)O[Si](C)(C)C(C)(C)C>>CC(=O)C1CCC=C(C2NC(=O)C2C(C)O[Si](C)(C)C(C)(C)C)C1,0,0.0
57,340,57,C=C(C)C=C(C)C.O=C(C=Cc1ccccc1)c1ccccc1O,CC1=CC(C)(C)C(c2ccccc2)C(C(=O)c2ccccc2O)C1,CH2Cl2,C=C(C)C=C(C)C.O=C(C=Cc1ccccc1)c1ccccc1O>>CC1=CC(C)(C)C(c2ccccc2)C(C(=O)c2ccccc2O)C1,0,0.0
58,340,58,C=C(C)C=C(C)C.O=C(C=Cc1ccccc1)c1ccccc1O,CC1=CC(C)(C)C(C(=O)c2ccccc2O)C(c2ccccc2)C1,CH2Cl2,C=C(C)C=C(C)C.O=C(C=Cc1ccccc1)c1ccccc1O>>CC1=CC(C)(C)C(C(=O)c2ccccc2O)C(c2ccccc2)C1,1,0.0
59,355,59,C=CC1=CCCc2cc(OC)ccc21.O=C1CCCC=C1Br,COc1ccc2c(c1)CCC1C2=CCC2CCCC(=O)C21Br,CH2Cl2,C=CC1=CCCc2cc(OC)ccc21.O=C1CCCC=C1Br>>COc1ccc2c(c1)CCC1C2=CCC2CCCC(=O)C21Br,0,0.0
60,355,60,C=CC1=CCCc2cc(OC)ccc21.O=C1CCCC=C1Br,COc1ccc2c(c1)CCC1C2=CCC2(Br)C(=O)CCCC12,CH2Cl2,C=CC1=CCCc2cc(OC)ccc21.O=C1CCCC=C1Br>>COc1ccc2c(c1)CCC1C2=CCC2(Br)C(=O)CCCC12,1,0.0
61,356,61,C=C(F)C(=O)CCCC.C=C(Br)CC1=CCC=C1,C=C(Br)CC1=CC2CC1C(F)(C(=O)CCCC)C2,CH2Cl2,C=C(F)C(=O)CCCC.C=C(Br)CC1=CCC=C1>>C=C(Br)CC1=CC2CC1C(F)(C(=O)CCCC)C2,0,0.0
62,356,62,C=C(F)C(=O)CCCC.C=C(Br)CC1=CCC=C1,C=C(Br)CC1=CC2CC1CC2(F)C(=O)CCCC,CH2Cl2,C=C(F)C(=O)CCCC.C=C(Br)CC1=CCC=C1>>C=C(Br)CC1=CC2CC1CC2(F)C(=O)CCCC,1,0.0
63,371,63,C=CC(C)=O.COC1(OC)C=C(Br)C(C)=CC1=O,COC1(OC)C(=O)C2CC(C(C)=O)C1C(Br)=C2C,Methanol,C=CC(C)=O.COC1(OC)C=C(Br)C(C)=CC1=O>>COC1(OC)C(=O)C2CC(C(C)=O)C1C(Br)=C2C,0,0.0
64,371,64,C=CC(C)=O.COC1(OC)C=C(Br)C(C)=CC1=O,COC1(OC)C(=O)C2C(C)=C(Br)C1CC2C(C)=O,Methanol,C=CC(C)=O.COC1(OC)C=C(Br)C(C)=CC1=O>>COC1(OC)C(=O)C2C(C)=C(Br)C1CC2C(C)=O,1,0.0
65,381,65,C=CC=COC.CC1=CC2(C=CC1=O)OCC(C)(C)CO2,COC1C=CCC2C3(C=CC(=O)C12C)OCC(C)(C)CO3,CH2Cl2,C=CC=COC.CC1=CC2(C=CC1=O)OCC(C)(C)CO2>>COC1C=CCC2C3(C=CC(=O)C12C)OCC(C)(C)CO3,0,0.0
66,381,66,C=CC=COC.CC1=CC2(C=CC1=O)OCC(C)(C)CO2,COC1C=CCC2C(=O)C(C)=CC3(OCC(C)(C)CO3)C12,CH2Cl2,C=CC=COC.CC1=CC2(C=CC1=O)OCC(C)(C)CO2>>COC1C=CCC2C(=O)C(C)=CC3(OCC(C)(C)CO3)C12,0,0.0
67,381,67,C=CC=COC.CC1=CC2(C=CC1=O)OCC(C)(C)CO2,COC1C=CCC2C1C(=O)C(C)=CC21OCC(C)(C)CO1,CH2Cl2,C=CC=COC.CC1=CC2(C=CC1=O)OCC(C)(C)CO2>>COC1C=CCC2C1C(=O)C(C)=CC21OCC(C)(C)CO1,1,0.0
68,381,68,C=CC=COC.CC1=CC2(C=CC1=O)OCC(C)(C)CO2,COC1C=CCC2(C)C(=O)C=CC3(OCC(C)(C)CO3)C12,CH2Cl2,C=CC=COC.CC1=CC2(C=CC1=O)OCC(C)(C)CO2>>COC1C=CCC2(C)C(=O)C=CC3(OCC(C)(C)CO3)C12,0,0.0
69,382,69,C=CC=CC.CC1=CC(=O)C=CC12OCCO2,CC1C=CCC2(C)C1C(=O)C=CC21OCCO1,CH2Cl2,C=CC=CC.CC1=CC(=O)C=CC12OCCO2>>CC1C=CCC2(C)C1C(=O)C=CC21OCCO1,0,0.0
70,382,70,C=CC=CC.CC1=CC(=O)C=CC12OCCO2,CC1C=CCC2C(=O)C=CC3(OCCO3)C12C,CH2Cl2,C=CC=CC.CC1=CC(=O)C=CC12OCCO2>>CC1C=CCC2C(=O)C=CC3(OCCO3)C12C,0,0.0
71,382,71,C=CC=CC.CC1=CC(=O)C=CC12OCCO2,CC1=CC(=O)C2C(C)C=CCC2C12OCCO2,CH2Cl2,C=CC=CC.CC1=CC(=O)C=CC12OCCO2>>CC1=CC(=O)C2C(C)C=CCC2C12OCCO2,1,0.0
72,382,72,C=CC=CC.CC1=CC(=O)C=CC12OCCO2,CC1=CC(=O)C2CC=CC(C)C2C12OCCO2,CH2Cl2,C=CC=CC.CC1=CC(=O)C=CC12OCCO2>>CC1=CC(=O)C2CC=CC(C)C2C12OCCO2,0,0.0
73,383,73,C=CC=CC.CC1=CC2(C=CC1=O)OCCO2,CC1=CC2(OCCO2)C2C(C)C=CCC2C1=O,CH2Cl2,C=CC=CC.CC1=CC2(C=CC1=O)OCCO2>>CC1=CC2(OCCO2)C2C(C)C=CCC2C1=O,0,0.0
74,383,74,C=CC=CC.CC1=CC2(C=CC1=O)OCCO2,CC1C=CCC2(C)C(=O)C=CC3(OCCO3)C12,CH2Cl2,C=CC=CC.CC1=CC2(C=CC1=O)OCCO2>>CC1C=CCC2(C)C(=O)C=CC3(OCCO3)C12,0,0.0
75,383,75,C=CC=CC.CC1=CC2(C=CC1=O)OCCO2,CC1=CC2(OCCO2)C2CC=CC(C)C2C1=O,CH2Cl2,C=CC=CC.CC1=CC2(C=CC1=O)OCCO2>>CC1=CC2(OCCO2)C2CC=CC(C)C2C1=O,1,0.0
76,383,76,C=CC=CC.CC1=CC2(C=CC1=O)OCCO2,CC1C=CCC2C3(C=CC(=O)C12C)OCCO3,CH2Cl2,C=CC=CC.CC1=CC2(C=CC1=O)OCCO2>>CC1C=CCC2C3(C=CC(=O)C12C)OCCO3,0,0.0
77,384,77,C=CC=CC.CC1=CC2(C=CC1=O)OCC(C)(C)CO2,CC1C=CCC2(C)C(=O)C=CC3(OCC(C)(C)CO3)C12,CH2Cl2,C=CC=CC.CC1=CC2(C=CC1=O)OCC(C)(C)CO2>>CC1C=CCC2(C)C(=O)C=CC3(OCC(C)(C)CO3)C12,0,0.0
78,384,78,C=CC=CC.CC1=CC2(C=CC1=O)OCC(C)(C)CO2,CC1C=CCC2C3(C=CC(=O)C12C)OCC(C)(C)CO3,CH2Cl2,C=CC=CC.CC1=CC2(C=CC1=O)OCC(C)(C)CO2>>CC1C=CCC2C3(C=CC(=O)C12C)OCC(C)(C)CO3,0,0.0
79,384,79,C=CC=CC.CC1=CC2(C=CC1=O)OCC(C)(C)CO2,CC1=CC2(OCC(C)(C)CO2)C2CC=CC(C)C2C1=O,CH2Cl2,C=CC=CC.CC1=CC2(C=CC1=O)OCC(C)(C)CO2>>CC1=CC2(OCC(C)(C)CO2)C2CC=CC(C)C2C1=O,1,0.0
80,384,80,C=CC=CC.CC1=CC2(C=CC1=O)OCC(C)(C)CO2,CC1=CC2(OCC(C)(C)CO2)C2C(C)C=CCC2C1=O,CH2Cl2,C=CC=CC.CC1=CC2(C=CC1=O)OCC(C)(C)CO2>>CC1=CC2(OCC(C)(C)CO2)C2C(C)C=CCC2C1=O,0,0.0
81,385,81,C=CC=CC.COC1=CC(=O)C=CC12OCC(C)(C)CO2,COC12CC=CC(C)C1C(=O)C=CC21OCC(C)(C)CO1,CH2Cl2,C=CC=CC.COC1=CC(=O)C=CC12OCC(C)(C)CO2>>COC12CC=CC(C)C1C(=O)C=CC21OCC(C)(C)CO1,0,0.0
82,385,82,C=CC=CC.COC1=CC(=O)C=CC12OCC(C)(C)CO2,COC12C(C)C=CCC1C(=O)C=CC21OCC(C)(C)CO1,CH2Cl2,C=CC=CC.COC1=CC(=O)C=CC12OCC(C)(C)CO2>>COC12C(C)C=CCC1C(=O)C=CC21OCC(C)(C)CO1,0,0.0
83,385,83,C=CC=CC.COC1=CC(=O)C=CC12OCC(C)(C)CO2,COC1=CC(=O)C2CC=CC(C)C2C12OCC(C)(C)CO2,CH2Cl2,C=CC=CC.COC1=CC(=O)C=CC12OCC(C)(C)CO2>>COC1=CC(=O)C2CC=CC(C)C2C12OCC(C)(C)CO2,0,0.0
84,385,84,C=CC=CC.COC1=CC(=O)C=CC12OCC(C)(C)CO2,COC1=CC(=O)C2C(C)C=CCC2C12OCC(C)(C)CO2,CH2Cl2,C=CC=CC.COC1=CC(=O)C=CC12OCC(C)(C)CO2>>COC1=CC(=O)C2C(C)C=CCC2C12OCC(C)(C)CO2,1,0.0
85,386,85,C=CC=CC.CCOP(=O)(OCC)C1=CC(C)(C)C=CC1=O,CCOP(=O)(OCC)C1=CC(C)(C)C2C(C)C=CCC2C1=O,Ether,C=CC=CC.CCOP(=O)(OCC)C1=CC(C)(C)C=CC1=O>>CCOP(=O)(OCC)C1=CC(C)(C)C2C(C)C=CCC2C1=O,0,0.0
86,386,86,C=CC=CC.CCOP(=O)(OCC)C1=CC(C)(C)C=CC1=O,CCOP(=O)(OCC)C12C(=O)C=CC(C)(C)C1CC=CC2C,Ether,C=CC=CC.CCOP(=O)(OCC)C1=CC(C)(C)C=CC1=O>>CCOP(=O)(OCC)C12C(=O)C=CC(C)(C)C1CC=CC2C,1,0.0
87,386,87,C=CC=CC.CCOP(=O)(OCC)C1=CC(C)(C)C=CC1=O,CCOP(=O)(OCC)C1=CC(C)(C)C2CC=CC(C)C2C1=O,Ether,C=CC=CC.CCOP(=O)(OCC)C1=CC(C)(C)C=CC1=O>>CCOP(=O)(OCC)C1=CC(C)(C)C2CC=CC(C)C2C1=O,0,0.0
88,386,88,C=CC=CC.CCOP(=O)(OCC)C1=CC(C)(C)C=CC1=O,CCOP(=O)(OCC)C12CC=CC(C)C1C(C)(C)C=CC2=O,Ether,C=CC=CC.CCOP(=O)(OCC)C1=CC(C)(C)C=CC1=O>>CCOP(=O)(OCC)C12CC=CC(C)C1C(C)(C)C=CC2=O,0,0.0
89,387,89,C=CC(C)=CC.CCOP(=O)(OCC)C1=CC(C)(C)C=CC1=O,CCOP(=O)(OCC)C12C(=O)C=CC(C)(C)C1CC=C(C)C2C,Ether,C=CC(C)=CC.CCOP(=O)(OCC)C1=CC(C)(C)C=CC1=O>>CCOP(=O)(OCC)C12C(=O)C=CC(C)(C)C1CC=C(C)C2C,1,0.0
90,387,90,C=CC(C)=CC.CCOP(=O)(OCC)C1=CC(C)(C)C=CC1=O,CCOP(=O)(OCC)C1=CC(C)(C)C2C(C)C(C)=CCC2C1=O,Ether,C=CC(C)=CC.CCOP(=O)(OCC)C1=CC(C)(C)C=CC1=O>>CCOP(=O)(OCC)C1=CC(C)(C)C2C(C)C(C)=CCC2C1=O,0,0.0
91,387,91,C=CC(C)=CC.CCOP(=O)(OCC)C1=CC(C)(C)C=CC1=O,CCOP(=O)(OCC)C1=CC(C)(C)C2CC=C(C)C(C)C2C1=O,Ether,C=CC(C)=CC.CCOP(=O)(OCC)C1=CC(C)(C)C=CC1=O>>CCOP(=O)(OCC)C1=CC(C)(C)C2CC=C(C)C(C)C2C1=O,0,0.0
92,387,92,C=CC(C)=CC.CCOP(=O)(OCC)C1=CC(C)(C)C=CC1=O,CCOP(=O)(OCC)C12CC=C(C)C(C)C1C(C)(C)C=CC2=O,Ether,C=CC(C)=CC.CCOP(=O)(OCC)C1=CC(C)(C)C=CC1=O>>CCOP(=O)(OCC)C12CC=C(C)C(C)C1C(C)(C)C=CC2=O,0,0.0
93,388,93,C1=CCC=C1.CCOP(=O)(OCC)C1=CC(C)(C)C=CC1=O,CCOP(=O)(OCC)C12C(=O)C=CC(C)(C)C1C1C=CC2C1,Ether,C1=CCC=C1.CCOP(=O)(OCC)C1=CC(C)(C)C=CC1=O>>CCOP(=O)(OCC)C12C(=O)C=CC(C)(C)C1C1C=CC2C1,0,0.0
94,388,94,C1=CCC=C1.CCOP(=O)(OCC)C1=CC(C)(C)C=CC1=O,CCOP(=O)(OCC)C1=CC(C)(C)C2C3C=CC(C3)C2C1=O,Ether,C1=CCC=C1.CCOP(=O)(OCC)C1=CC(C)(C)C=CC1=O>>CCOP(=O)(OCC)C1=CC(C)(C)C2C3C=CC(C3)C2C1=O,1,0.0
95,405,95,C=CC(=C)OC.C=CC(=O)n1nc(C)cc1C,COC1=CCCC(C(=O)n2nc(C)cc2C)C1,Acetonitrile,C=CC(=C)OC.C=CC(=O)n1nc(C)cc1C>>COC1=CCCC(C(=O)n2nc(C)cc2C)C1,0,0.0
96,405,96,C=CC(=C)OC.C=CC(=O)n1nc(C)cc1C,COC1=CCC(C(=O)n2nc(C)cc2C)CC1,Acetonitrile,C=CC(=C)OC.C=CC(=O)n1nc(C)cc1C>>COC1=CCC(C(=O)n2nc(C)cc2C)CC1,1,0.0
97,406,97,C=CC(=C)c1ccccc1.C=CC(=O)n1nc(C)cc1C,Cc1cc(C)n(C(=O)C2CC=C(c3ccccc3)CC2)n1,Acetonitrile,C=CC(=C)c1ccccc1.C=CC(=O)n1nc(C)cc1C>>Cc1cc(C)n(C(=O)C2CC=C(c3ccccc3)CC2)n1,1,0.0
98,406,98,C=CC(=C)c1ccccc1.C=CC(=O)n1nc(C)cc1C,Cc1cc(C)n(C(=O)C2CCC=C(c3ccccc3)C2)n1,Acetonitrile,C=CC(=C)c1ccccc1.C=CC(=O)n1nc(C)cc1C>>Cc1cc(C)n(C(=O)C2CCC=C(c3ccccc3)C2)n1,0,0.0
99,439,99,CCOC(=O)C=CB1OC(C)(C)C(C)(C)O1.CC1=CCC=C1,CCOC(=O)C1C2C=C(C)C(C2)C1B1OC(C)(C)C(C)(C)O1,CH2Cl2,CCOC(=O)C=CB1OC(C)(C)C(C)(C)O1.CC1=CCC=C1>>CCOC(=O)C1C2C=C(C)C(C2)C1B1OC(C)(C)C(C)(C)O1,1,0.0
100,439,100,CCOC(=O)C=CB1OC(C)(C)C(C)(C)O1.CC1=CCC=C1,CCOC(=O)C1C2CC(C=C2C)C1B1OC(C)(C)C(C)(C)O1,CH2Cl2,CCOC(=O)C=CB1OC(C)(C)C(C)(C)O1.CC1=CCC=C1>>CCOC(=O)C1C2CC(C=C2C)C1B1OC(C)(C)C(C)(C)O1,0,0.0
101,465,101,C=CC(=C)O[Si](C)(C)C.C=CC=O,C[Si](C)(C)OC1=CCC(C=O)CC1,Toluene,C=CC(=C)O[Si](C)(C)C.C=CC=O>>C[Si](C)(C)OC1=CCC(C=O)CC1,1,0.0
102,465,102,C=CC(=C)O[Si](C)(C)C.C=CC=O,C[Si](C)(C)OC1=CCCC(C=O)C1,Toluene,C=CC(=C)O[Si](C)(C)C.C=CC=O>>C[Si](C)(C)OC1=CCCC(C=O)C1,0,0.0
103,467,103,C=CC(C)=O.COC1(OC)C=C(Br)C=C(C)C1=O,COC1(OC)C(=O)C2(C)C=C(Br)C1CC2C(C)=O,Methanol,C=CC(C)=O.COC1(OC)C=C(Br)C=C(C)C1=O>>COC1(OC)C(=O)C2(C)C=C(Br)C1CC2C(C)=O,1,0.0
104,467,104,C=CC(C)=O.COC1(OC)C=C(Br)C=C(C)C1=O,COC1(OC)C(=O)C2(C)C=C(Br)C1C(C(C)=O)C2,Methanol,C=CC(C)=O.COC1(OC)C=C(Br)C=C(C)C1=O>>COC1(OC)C(=O)C2(C)C=C(Br)C1C(C(C)=O)C2,0,0.0
105,468,105,C=CC(=O)OC.COC1(OC)C=C(Br)C=C(C)C1=O,COC(=O)C1CC2C(Br)=CC1(C)C(=O)C2(OC)OC,Methanol,C=CC(=O)OC.COC1(OC)C=C(Br)C=C(C)C1=O>>COC(=O)C1CC2C(Br)=CC1(C)C(=O)C2(OC)OC,1,0.0
106,468,106,C=CC(=O)OC.COC1(OC)C=C(Br)C=C(C)C1=O,COC(=O)C1CC2(C)C=C(Br)C1C(OC)(OC)C2=O,Methanol,C=CC(=O)OC.COC1(OC)C=C(Br)C=C(C)C1=O>>COC(=O)C1CC2(C)C=C(Br)C1C(OC)(OC)C2=O,0,0.0
107,469,107,C=CC1(CC)OCCO1.C=CC(=C)C,CCC1(C2CC=C(C)CC2)OCCO1,CH2Cl2,C=CC1(CC)OCCO1.C=CC(=C)C>>CCC1(C2CC=C(C)CC2)OCCO1,1,0.0
108,469,108,C=CC1(CC)OCCO1.C=CC(=C)C,CCC1(C2CCC=C(C)C2)OCCO1,CH2Cl2,C=CC1(CC)OCCO1.C=CC(=C)C>>CCC1(C2CCC=C(C)C2)OCCO1,0,0.0
109,471,109,C=CC(=O)OC.COC=CC(C)=COC=C(C)C=COC,COC=CC(C)=COC1C(C)=CC(OC)CC1C(=O)OC,Methanol,C=CC(=O)OC.COC=CC(C)=COC=C(C)C=COC>>COC=CC(C)=COC1C(C)=CC(OC)CC1C(=O)OC,0,0.0
110,471,110,C=CC(=O)OC.COC=CC(C)=COC=C(C)C=COC,COC=CC(C)=COC1CC(C(=O)OC)C(OC)C=C1C,Methanol,C=CC(=O)OC.COC=CC(C)=COC=C(C)C=COC>>COC=CC(C)=COC1CC(C(=O)OC)C(OC)C=C1C,1,0.0
111,472,111,C=CC=CC.N#CC1=CCCCC1=O,CC1C=CCC2(C#N)C(=O)CCCC12,Ether,C=CC=CC.N#CC1=CCCCC1=O>>CC1C=CCC2(C#N)C(=O)CCCC12,0,0.0
112,472,112,C=CC=CC.N#CC1=CCCCC1=O,CC1C=CCC2CCCC(=O)C12C#N,Ether,C=CC=CC.N#CC1=CCCCC1=O>>CC1C=CCC2CCCC(=O)C12C#N,1,0.0
113,473,113,C=CC=CC.CC1CCCCC=C(C#N)C1=O,CC1CCCCC2C(C)C=CCC2(C#N)C1=O,Ether,C=CC=CC.CC1CCCCC=C(C#N)C1=O>>CC1CCCCC2C(C)C=CCC2(C#N)C1=O,0,0.0
114,473,114,C=CC=CC.CC1CCCCC=C(C#N)C1=O,CC1CCCCC2CC=CC(C)C2(C#N)C1=O,Ether,C=CC=CC.CC1CCCCC=C(C#N)C1=O>>CC1CCCCC2CC=CC(C)C2(C#N)C1=O,1,0.0
115,474,115,N#CC1=CCCC1=O.C=CC(=C)C,CC1=CCC2(C#N)C(=O)CCC2C1,Ether,N#CC1=CCCC1=O.C=CC(=C)C>>CC1=CCC2(C#N)C(=O)CCC2C1,1,0.0
116,474,116,N#CC1=CCCC1=O.C=CC(=C)C,CC1=CCC2CCC(=O)C2(C#N)C1,Ether,N#CC1=CCCC1=O.C=CC(=C)C>>CC1=CCC2CCC(=O)C2(C#N)C1,0,0.0
117,475,117,N#CC1=CCCCCC1=O.C=CC(=C)C,CC1=CCC2CCCCC(=O)C2(C#N)C1,Ether,N#CC1=CCCCCC1=O.C=CC(=C)C>>CC1=CCC2CCCCC(=O)C2(C#N)C1,0,0.0
118,475,118,N#CC1=CCCCCC1=O.C=CC(=C)C,CC1=CCC2(C#N)C(=O)CCCCC2C1,Ether,N#CC1=CCCCCC1=O.C=CC(=C)C>>CC1=CCC2(C#N)C(=O)CCCCC2C1,1,0.0
119,481,119,C=CC=CC.CCOP(=O)(OCC)C1=CCCCC1=O,CCOP(=O)(OCC)C12CC=CC(C)C1CCCC2=O,Ether,C=CC=CC.CCOP(=O)(OCC)C1=CCCCC1=O>>CCOP(=O)(OCC)C12CC=CC(C)C1CCCC2=O,0,0.0
120,481,120,C=CC=CC.CCOP(=O)(OCC)C1=CCCCC1=O,CCOP(=O)(OCC)C12C(=O)CCCC1CC=CC2C,Ether,C=CC=CC.CCOP(=O)(OCC)C1=CCCCC1=O>>CCOP(=O)(OCC)C12C(=O)CCCC1CC=CC2C,1,0.0
121,482,121,C=C(C)C=CC.CCOP(=O)(OCC)C1=CC(C)(C)C=CC1=O,CCOP(=O)(OCC)C1=CC(C)(C)C2CC(C)=CC(C)C2C1=O,Ether,C=C(C)C=CC.CCOP(=O)(OCC)C1=CC(C)(C)C=CC1=O>>CCOP(=O)(OCC)C1=CC(C)(C)C2CC(C)=CC(C)C2C1=O,0,0.0
122,482,122,C=C(C)C=CC.CCOP(=O)(OCC)C1=CC(C)(C)C=CC1=O,CCOP(=O)(OCC)C12CC(C)=CC(C)C1C(C)(C)C=CC2=O,Ether,C=C(C)C=CC.CCOP(=O)(OCC)C1=CC(C)(C)C=CC1=O>>CCOP(=O)(OCC)C12CC(C)=CC(C)C1C(C)(C)C=CC2=O,0,0.0
123,482,123,C=C(C)C=CC.CCOP(=O)(OCC)C1=CC(C)(C)C=CC1=O,CCOP(=O)(OCC)C12C(=O)C=CC(C)(C)C1CC(C)=CC2C,Ether,C=C(C)C=CC.CCOP(=O)(OCC)C1=CC(C)(C)C=CC1=O>>CCOP(=O)(OCC)C12C(=O)C=CC(C)(C)C1CC(C)=CC2C,1,0.0
124,482,124,C=C(C)C=CC.CCOP(=O)(OCC)C1=CC(C)(C)C=CC1=O,CCOP(=O)(OCC)C1=CC(C)(C)C2C(C)C=C(C)CC2C1=O,Ether,C=C(C)C=CC.CCOP(=O)(OCC)C1=CC(C)(C)C=CC1=O>>CCOP(=O)(OCC)C1=CC(C)(C)C2C(C)C=C(C)CC2C1=O,0,0.0
125,484,125,C=C(C)C(=C)C.CCOP(=O)(OCC)C1=CC(C)(C)C=CC1=O,CCOP(=O)(OCC)C12CC(C)=C(C)CC1C(C)(C)C=CC2=O,Ether,C=C(C)C(=C)C.CCOP(=O)(OCC)C1=CC(C)(C)C=CC1=O>>CCOP(=O)(OCC)C12CC(C)=C(C)CC1C(C)(C)C=CC2=O,1,0.0
126,484,126,C=C(C)C(=C)C.CCOP(=O)(OCC)C1=CC(C)(C)C=CC1=O,CCOP(=O)(OCC)C1=CC(C)(C)C2CC(C)=C(C)CC2C1=O,Ether,C=C(C)C(=C)C.CCOP(=O)(OCC)C1=CC(C)(C)C=CC1=O>>CCOP(=O)(OCC)C1=CC(C)(C)C2CC(C)=C(C)CC2C1=O,0,0.0
127,485,127,CCOP(=O)(OCC)C1=CCCCC1=O.C=CC(=C)C,CCOP(=O)(OCC)C12CC=C(C)CC1CCCC2=O,Ether,CCOP(=O)(OCC)C1=CCCCC1=O.C=CC(=C)C>>CCOP(=O)(OCC)C12CC=C(C)CC1CCCC2=O,1,0.0
128,485,128,CCOP(=O)(OCC)C1=CCCCC1=O.C=CC(=C)C,CCOP(=O)(OCC)C12CC(C)=CCC1CCCC2=O,Ether,CCOP(=O)(OCC)C1=CCCCC1=O.C=CC(=C)C>>CCOP(=O)(OCC)C12CC(C)=CCC1CCCC2=O,0,0.0
129,508,129,C=CC1=CCCc2cc(OC)ccc21.C=C(C)C=O,COc1ccc2c(c1)CCC1C2=CCCC1(C)C=O,CH2Cl2,C=CC1=CCCc2cc(OC)ccc21.C=C(C)C=O>>COc1ccc2c(c1)CCC1C2=CCCC1(C)C=O,0,0.0
130,508,130,C=CC1=CCCc2cc(OC)ccc21.C=C(C)C=O,COc1ccc2c(c1)CCC1CC(C)(C=O)CC=C21,CH2Cl2,C=CC1=CCCc2cc(OC)ccc21.C=C(C)C=O>>COc1ccc2c(c1)CCC1CC(C)(C=O)CC=C21,1,0.0
131,509,131,CCOC(=O)C=CC(C)=O.C=CC(=C)CCOCc1ccccc1,CCOC(=O)C1CC(CCOCc2ccccc2)=CCC1C(C)=O,CH2Cl2,CCOC(=O)C=CC(C)=O.C=CC(=C)CCOCc1ccccc1>>CCOC(=O)C1CC(CCOCc2ccccc2)=CCC1C(C)=O,1,0.0
132,509,132,CCOC(=O)C=CC(C)=O.C=CC(=C)CCOCc1ccccc1,CCOC(=O)C1CC=C(CCOCc2ccccc2)CC1C(C)=O,CH2Cl2,CCOC(=O)C=CC(C)=O.C=CC(=C)CCOCc1ccccc1>>CCOC(=O)C1CC=C(CCOCc2ccccc2)CC1C(C)=O,0,0.0
133,513,133,C=C(C)C=C(C)NC(=O)OC(C)(C)C.N#CC=C[N+](=O)[O-],CC1=CC(C)(NC(=O)OC(C)(C)C)C([N+](=O)[O-])C(C#N)C1,Benzene,C=C(C)C=C(C)NC(=O)OC(C)(C)C.N#CC=C[N+](=O)[O-]>>CC1=CC(C)(NC(=O)OC(C)(C)C)C([N+](=O)[O-])C(C#N)C1,1,0.0
134,513,134,C=C(C)C=C(C)NC(=O)OC(C)(C)C.N#CC=C[N+](=O)[O-],CC1=CC(C)(NC(=O)OC(C)(C)C)C(C#N)C([N+](=O)[O-])C1,Benzene,C=C(C)C=C(C)NC(=O)OC(C)(C)C.N#CC=C[N+](=O)[O-]>>CC1=CC(C)(NC(=O)OC(C)(C)C)C(C#N)C([N+](=O)[O-])C1,0,0.0
135,544,135,O=[N+]([O-])C1=CCCCC1.C=C(C=COC)O[Si](C)(C)C(C)(C)C,COC1C=C(O[Si](C)(C)C(C)(C)C)CC2CCCCC21[N+](=O)[O-],Toluene,O=[N+]([O-])C1=CCCCC1.C=C(C=COC)O[Si](C)(C)C(C)(C)C>>COC1C=C(O[Si](C)(C)C(C)(C)C)CC2CCCCC21[N+](=O)[O-],1,0.0
136,544,136,O=[N+]([O-])C1=CCCCC1.C=C(C=COC)O[Si](C)(C)C(C)(C)C,COC1C=C(O[Si](C)(C)C(C)(C)C)CC2([N+](=O)[O-])CCCCC12,Toluene,O=[N+]([O-])C1=CCCCC1.C=C(C=COC)O[Si](C)(C)C(C)(C)C>>COC1C=C(O[Si](C)(C)C(C)(C)C)CC2([N+](=O)[O-])CCCCC12,0,0.0
137,565,137,O=C1C=CC(=O)O1.C1=CC(=C2CCCCC2)C=C1,O=C1OC(=O)C2C3C=CC(C3=C3CCCCC3)C12,Benzene,O=C1C=CC(=O)O1.C1=CC(=C2CCCCC2)C=C1>>O=C1OC(=O)C2C3C=CC(C3=C3CCCCC3)C12,1,0.0
138,565,138,O=C1C=CC(=O)O1.C1=CC(=C2CCCCC2)C=C1,O=C1OC(=O)C2C1C1C=CC(=C1)C21CCCCC1,Benzene,O=C1C=CC(=O)O1.C1=CC(=C2CCCCC2)C=C1>>O=C1OC(=O)C2C1C1C=CC(=C1)C21CCCCC1,0,0.0
139,576,139,C=CC=COC.C=CC=O,COC1C=CCCC1C=O,Water,C=CC=COC.C=CC=O>>COC1C=CCCC1C=O,1,0.0
140,576,140,C=CC=COC.C=CC=O,COC1C=CCC(C=O)C1,Water,C=CC=COC.C=CC=O>>COC1C=CCC(C=O)C1,0,0.0
141,579,141,C=C(C)C(=O)OC.COC1(OC)C=C(Br)C=C(C)C1=O,COC(=O)C1(C)CC2C(Br)=CC1(C)C(=O)C2(OC)OC,Methanol,C=C(C)C(=O)OC.COC1(OC)C=C(Br)C=C(C)C1=O>>COC(=O)C1(C)CC2C(Br)=CC1(C)C(=O)C2(OC)OC,1,0.0
142,579,142,C=C(C)C(=O)OC.COC1(OC)C=C(Br)C=C(C)C1=O,COC(=O)C1(C)CC2(C)C=C(Br)C1C(OC)(OC)C2=O,Methanol,C=C(C)C(=O)OC.COC1(OC)C=C(Br)C=C(C)C1=O>>COC(=O)C1(C)CC2(C)C=C(Br)C1C(OC)(OC)C2=O,0,0.0
143,588,143,O=C1C=CCCC1.C=CC1=CCOC1C(C)OCc1ccccc1,CC(OCc1ccccc1)C1OCC2C1=CCC1CCCC(=O)C12,CH2Cl2,O=C1C=CCCC1.C=CC1=CCOC1C(C)OCc1ccccc1>>CC(OCc1ccccc1)C1OCC2C1=CCC1CCCC(=O)C12,1,0.0
144,588,144,O=C1C=CCCC1.C=CC1=CCOC1C(C)OCc1ccccc1,CC(OCc1ccccc1)C1OCC2C1=CCC1C(=O)CCCC12,CH2Cl2,O=C1C=CCCC1.C=CC1=CCOC1C(C)OCc1ccccc1>>CC(OCc1ccccc1)C1OCC2C1=CCC1C(=O)CCCC12,0,0.0
145,589,145,O=C1C=CCC1.C=CC1=CCOC1C(C)OCc1ccccc1,CC(OCc1ccccc1)C1OCC2C1=CCC1C(=O)CCC12,CH2Cl2,O=C1C=CCC1.C=CC1=CCOC1C(C)OCc1ccccc1>>CC(OCc1ccccc1)C1OCC2C1=CCC1C(=O)CCC12,0,0.0
146,589,146,O=C1C=CCC1.C=CC1=CCOC1C(C)OCc1ccccc1,CC(OCc1ccccc1)C1OCC2C1=CCC1CCC(=O)C12,CH2Cl2,O=C1C=CCC1.C=CC1=CCOC1C(C)OCc1ccccc1>>CC(OCc1ccccc1)C1OCC2C1=CCC1CCC(=O)C12,1,0.0
147,592,147,C=CC(C)=O.COC1(OC)C=C(Br)C=CC1=O,COC1(OC)C(=O)C2C=C(Br)C1CC2C(C)=O,Methanol,C=CC(C)=O.COC1(OC)C=C(Br)C=CC1=O>>COC1(OC)C(=O)C2C=C(Br)C1CC2C(C)=O,1,0.0
148,592,148,C=CC(C)=O.COC1(OC)C=C(Br)C=CC1=O,COC1(OC)C(=O)C2C=C(Br)C1C(C(C)=O)C2,Methanol,C=CC(C)=O.COC1(OC)C=C(Br)C=CC1=O>>COC1(OC)C(=O)C2C=C(Br)C1C(C(C)=O)C2,0,0.0
149,593,149,C=CC(C)=O.COC1(OC)C=C(C2OCCO2)C(Br)=CC1=O,COC1(OC)C(=O)C2C(Br)=C(C3OCCO3)C1CC2C(C)=O,Methanol,C=CC(C)=O.COC1(OC)C=C(C2OCCO2)C(Br)=CC1=O>>COC1(OC)C(=O)C2C(Br)=C(C3OCCO3)C1CC2C(C)=O,1,0.0
150,593,150,C=CC(C)=O.COC1(OC)C=C(C2OCCO2)C(Br)=CC1=O,COC1(OC)C(=O)C2CC(C(C)=O)C1C(C1OCCO1)=C2Br,Methanol,C=CC(C)=O.COC1(OC)C=C(C2OCCO2)C(Br)=CC1=O>>COC1(OC)C(=O)C2CC(C(C)=O)C1C(C1OCCO1)=C2Br,0,0.0
151,594,151,C=CC(=O)OC.COC1(OC)C=C(C2OCCO2)C(Br)=CC1=O,COC(=O)C1CC2C(=O)C(OC)(OC)C1C(C1OCCO1)=C2Br,Methanol,C=CC(=O)OC.COC1(OC)C=C(C2OCCO2)C(Br)=CC1=O>>COC(=O)C1CC2C(=O)C(OC)(OC)C1C(C1OCCO1)=C2Br,0,0.0
152,594,152,C=CC(=O)OC.COC1(OC)C=C(C2OCCO2)C(Br)=CC1=O,COC(=O)C1CC2C(C3OCCO3)=C(Br)C1C(=O)C2(OC)OC,Methanol,C=CC(=O)OC.COC1(OC)C=C(C2OCCO2)C(Br)=CC1=O>>COC(=O)C1CC2C(C3OCCO3)=C(Br)C1C(=O)C2(OC)OC,1,0.0
153,595,153,C=C(C)C(=O)OC.COC1(OC)C=C(C2OCCO2)C(Br)=CC1=O,COC(=O)C1(C)CC2C(C3OCCO3)=C(Br)C1C(=O)C2(OC)OC,Methanol,C=C(C)C(=O)OC.COC1(OC)C=C(C2OCCO2)C(Br)=CC1=O>>COC(=O)C1(C)CC2C(C3OCCO3)=C(Br)C1C(=O)C2(OC)OC,1,0.0
154,595,154,C=C(C)C(=O)OC.COC1(OC)C=C(C2OCCO2)C(Br)=CC1=O,COC(=O)C1(C)CC2C(=O)C(OC)(OC)C1C(C1OCCO1)=C2Br,Methanol,C=C(C)C(=O)OC.COC1(OC)C=C(C2OCCO2)C(Br)=CC1=O>>COC(=O)C1(C)CC2C(=O)C(OC)(OC)C1C(C1OCCO1)=C2Br,0,0.0
155,612,155,C=C(C)C=O.C=CC1=CCc2ccccc21,CC1(C=O)CC=C2c3ccccc3CC2C1,CH2Cl2,C=C(C)C=O.C=CC1=CCc2ccccc21>>CC1(C=O)CC=C2c3ccccc3CC2C1,1,0.0
156,612,156,C=C(C)C=O.C=CC1=CCc2ccccc21,CC1(C=O)CCC=C2c3ccccc3CC21,CH2Cl2,C=C(C)C=O.C=CC1=CCc2ccccc21>>CC1(C=O)CCC=C2c3ccccc3CC21,0,0.0
157,613,157,C=C(Br)C=O.C=CC1=CCc2ccccc21,O=CC1(Br)CC=C2c3ccccc3CC2C1,CH2Cl2,C=C(Br)C=O.C=CC1=CCc2ccccc21>>O=CC1(Br)CC=C2c3ccccc3CC2C1,1,0.0
158,613,158,C=C(Br)C=O.C=CC1=CCc2ccccc21,O=CC1(Br)CCC=C2c3ccccc3CC21,CH2Cl2,C=C(Br)C=O.C=CC1=CCc2ccccc21>>O=CC1(Br)CCC=C2c3ccccc3CC21,0,0.0
159,629,159,COC1C=C(Br)C(=O)O1.C=CC=CO[Si](C)(C)C(C)(C)C,COC1OC(=O)C2(Br)CC=CC(O[Si](C)(C)C(C)(C)C)C12,Toluene,COC1C=C(Br)C(=O)O1.C=CC=CO[Si](C)(C)C(C)(C)C>>COC1OC(=O)C2(Br)CC=CC(O[Si](C)(C)C(C)(C)C)C12,0,0.0
160,629,160,COC1C=C(Br)C(=O)O1.C=CC=CO[Si](C)(C)C(C)(C)C,COC1OC(=O)C2(Br)C(O[Si](C)(C)C(C)(C)C)C=CCC12,Toluene,COC1C=C(Br)C(=O)O1.C=CC=CO[Si](C)(C)C(C)(C)C>>COC1OC(=O)C2(Br)C(O[Si](C)(C)C(C)(C)C)C=CCC12,1,0.0
161,631,161,C=CC(=O)CC.C=CC(=C)C,CCC(=O)C1CCC=C(C)C1,Water,C=CC(=O)CC.C=CC(=C)C>>CCC(=O)C1CCC=C(C)C1,0,0.0
162,631,162,C=CC(=O)CC.C=CC(=C)C,CCC(=O)C1CC=C(C)CC1,Water,C=CC(=O)CC.C=CC(=C)C>>CCC(=O)C1CC=C(C)CC1,1,0.0
163,653,163,C=CCOC1C(C(=O)C=C)OC2OC(C)(C)OC21.C1=CCC=C1,C=CC(=O)C1OC2OC(C)(C)OC2C1OCC1CC2C=CC1C2,CH2Cl2,C=CCOC1C(C(=O)C=C)OC2OC(C)(C)OC21.C1=CCC=C1>>C=CC(=O)C1OC2OC(C)(C)OC2C1OCC1CC2C=CC1C2,0,0.0
164,653,164,C=CCOC1C(C(=O)C=C)OC2OC(C)(C)OC21.C1=CCC=C1,C=CCOC1C(C(=O)C2CC3C=CC2C3)OC2OC(C)(C)OC21,CH2Cl2,C=CCOC1C(C(=O)C=C)OC2OC(C)(C)OC21.C1=CCC=C1>>C=CCOC1C(C(=O)C2CC3C=CC2C3)OC2OC(C)(C)OC21,1,0.0
165,670,165,C=C(Br)C(=O)OCC.C=CC(=C)C,CCOC(=O)C1(Br)CCC=C(C)C1,CH2Cl2,C=C(Br)C(=O)OCC.C=CC(=C)C>>CCOC(=O)C1(Br)CCC=C(C)C1,0,0.0
166,670,166,C=C(Br)C(=O)OCC.C=CC(=C)C,CCOC(=O)C1(Br)CC=C(C)CC1,CH2Cl2,C=C(Br)C(=O)OCC.C=CC(=C)C>>CCOC(=O)C1(Br)CC=C(C)CC1,1,0.0
167,686,167,C=CC(=O)OC.C=CC(=C)C,COC(=O)C1CC=C(C)CC1,CHCl3,C=CC(=O)OC.C=CC(=C)C>>COC(=O)C1CC=C(C)CC1,1,0.0
168,686,168,C=CC(=O)OC.C=CC(=C)C,COC(=O)C1CCC=C(C)C1,CHCl3,C=CC(=O)OC.C=CC(=C)C>>COC(=O)C1CCC=C(C)C1,0,0.0
169,687,169,C=C(C=COC)O[Si](C)(C)C.C=C(C)C(=O)OC,COC(=O)C1(C)CC(O[Si](C)(C)C)=CC(OC)C1,Toluene,C=C(C=COC)O[Si](C)(C)C.C=C(C)C(=O)OC>>COC(=O)C1(C)CC(O[Si](C)(C)C)=CC(OC)C1,0,0.0
170,687,170,C=C(C=COC)O[Si](C)(C)C.C=C(C)C(=O)OC,COC(=O)C1(C)CCC(O[Si](C)(C)C)=CC1OC,Toluene,C=C(C=COC)O[Si](C)(C)C.C=C(C)C(=O)OC>>COC(=O)C1(C)CCC(O[Si](C)(C)C)=CC1OC,1,0.0
171,696,171,O=C1C=CC(=O)N1.CC(C)=C1C=CC=C1,CC(C)=C1C2C=CC1C1C(=O)NC(=O)C21,Benzene,O=C1C=CC(=O)N1.CC(C)=C1C=CC=C1>>CC(C)=C1C2C=CC1C1C(=O)NC(=O)C21,1,0.0
172,696,172,O=C1C=CC(=O)N1.CC(C)=C1C=CC=C1,CC1(C)C2=CC(C=C2)C2C(=O)NC(=O)C21,Benzene,O=C1C=CC(=O)N1.CC(C)=C1C=CC=C1>>CC1(C)C2=CC(C=C2)C2C(=O)NC(=O)C21,0,0.0
173,717,173,O=C1C=CCC1.C=CC=CC,CC1C=CCC2C(=O)CCC12,THF,O=C1C=CCC1.C=CC=CC>>CC1C=CCC2C(=O)CCC12,0,0.0
174,717,174,O=C1C=CCC1.C=CC=CC,CC1C=CCC2CCC(=O)C12,THF,O=C1C=CCC1.C=CC=CC>>CC1C=CCC2CCC(=O)C12,1,0.0
175,755,175,Cc1ccc(S(=O)(=O)N2CC(=O)C3=CCCC32)cc1.C=CC(=C)C,CC1=CCC23C(=O)CN(S(=O)(=O)c4ccc(C)cc4)C2CCC3C1,CH2Cl2,Cc1ccc(S(=O)(=O)N2CC(=O)C3=CCCC32)cc1.C=CC(=C)C>>CC1=CCC23C(=O)CN(S(=O)(=O)c4ccc(C)cc4)C2CCC3C1,1,0.0
176,755,176,Cc1ccc(S(=O)(=O)N2CC(=O)C3=CCCC32)cc1.C=CC(=C)C,CC1=CCC2CCC3N(S(=O)(=O)c4ccc(C)cc4)CC(=O)C23C1,CH2Cl2,Cc1ccc(S(=O)(=O)N2CC(=O)C3=CCCC32)cc1.C=CC(=C)C>>CC1=CCC2CCC3N(S(=O)(=O)c4ccc(C)cc4)CC(=O)C23C1,0,0.0
177,797,177,C=CC=CC.C=C(OC(=O)c1ccc([N+](=O)[O-])cc1)C(C)=O,CC(=O)C1(OC(=O)c2ccc([N+](=O)[O-])cc2)CCC=CC1C,CH2Cl2,C=CC=CC.C=C(OC(=O)c1ccc([N+](=O)[O-])cc1)C(C)=O>>CC(=O)C1(OC(=O)c2ccc([N+](=O)[O-])cc2)CCC=CC1C,1,0.0
178,797,178,C=CC=CC.C=C(OC(=O)c1ccc([N+](=O)[O-])cc1)C(C)=O,CC(=O)C1(OC(=O)c2ccc([N+](=O)[O-])cc2)CC=CC(C)C1,CH2Cl2,C=CC=CC.C=C(OC(=O)c1ccc([N+](=O)[O-])cc1)C(C)=O>>CC(=O)C1(OC(=O)c2ccc([N+](=O)[O-])cc2)CC=CC(C)C1,0,0.0
179,808,179,C=CC=COC.C=CC(=O)N(O)C(C)C,COC1C=CCC(C(=O)N(O)C(C)C)C1,CH2Cl2,C=CC=COC.C=CC(=O)N(O)C(C)C>>COC1C=CCC(C(=O)N(O)C(C)C)C1,0,0.0
180,808,180,C=CC=COC.C=CC(=O)N(O)C(C)C,COC1C=CCCC1C(=O)N(O)C(C)C,CH2Cl2,C=CC=COC.C=CC(=O)N(O)C(C)C>>COC1C=CCCC1C(=O)N(O)C(C)C,1,0.0
181,809,181,C=CC=CC.CC1(C)C=CC(=O)C(C#N)=C1,CC1C=CCC2C1C(=O)C(C#N)=CC2(C)C,Ether,C=CC=CC.CC1(C)C=CC(=O)C(C#N)=C1>>CC1C=CCC2C1C(=O)C(C#N)=CC2(C)C,0,0.0
182,809,182,C=CC=CC.CC1(C)C=CC(=O)C(C#N)=C1,CC1C=CCC2(C#N)C(=O)C=CC(C)(C)C12,Ether,C=CC=CC.CC1(C)C=CC(=O)C(C#N)=C1>>CC1C=CCC2(C#N)C(=O)C=CC(C)(C)C12,0,0.0
183,809,183,C=CC=CC.CC1(C)C=CC(=O)C(C#N)=C1,CC1C=CCC2C(C)(C)C=CC(=O)C12C#N,Ether,C=CC=CC.CC1(C)C=CC(=O)C(C#N)=C1>>CC1C=CCC2C(C)(C)C=CC(=O)C12C#N,1,0.0
184,809,184,C=CC=CC.CC1(C)C=CC(=O)C(C#N)=C1,CC1C=CCC2C(=O)C(C#N)=CC(C)(C)C12,Ether,C=CC=CC.CC1(C)C=CC(=O)C(C#N)=C1>>CC1C=CCC2C(=O)C(C#N)=CC(C)(C)C12,0,0.0
185,810,185,C=CC(C)=CC.CC1(C)C=CC(=O)C(C#N)=C1,CC1=CCC2C(C)(C)C=CC(=O)C2(C#N)C1C,Ether,C=CC(C)=CC.CC1(C)C=CC(=O)C(C#N)=C1>>CC1=CCC2C(C)(C)C=CC(=O)C2(C#N)C1C,1,0.0
186,810,186,C=CC(C)=CC.CC1(C)C=CC(=O)C(C#N)=C1,CC1=CCC2(C#N)C(=O)C=CC(C)(C)C2C1C,Ether,C=CC(C)=CC.CC1(C)C=CC(=O)C(C#N)=C1>>CC1=CCC2(C#N)C(=O)C=CC(C)(C)C2C1C,0,0.0
187,810,187,C=CC(C)=CC.CC1(C)C=CC(=O)C(C#N)=C1,CC1=CCC2C(C(=O)C(C#N)=CC2(C)C)C1C,Ether,C=CC(C)=CC.CC1(C)C=CC(=O)C(C#N)=C1>>CC1=CCC2C(C(=O)C(C#N)=CC2(C)C)C1C,0,0.0
188,810,188,C=CC(C)=CC.CC1(C)C=CC(=O)C(C#N)=C1,CC1=CCC2C(=O)C(C#N)=CC(C)(C)C2C1C,Ether,C=CC(C)=CC.CC1(C)C=CC(=O)C(C#N)=C1>>CC1=CCC2C(=O)C(C#N)=CC(C)(C)C2C1C,0,0.0
189,811,189,C=C(C)C(=C)O[Si](C)(C)C(C)(C)C.CC1(C)C=CC(=O)C(C#N)=C1,CC1=C(O[Si](C)(C)C(C)(C)C)CC2C(=O)C(C#N)=CC(C)(C)C2C1,Ether,C=C(C)C(=C)O[Si](C)(C)C(C)(C)C.CC1(C)C=CC(=O)C(C#N)=C1>>CC1=C(O[Si](C)(C)C(C)(C)C)CC2C(=O)C(C#N)=CC(C)(C)C2C1,0,0.0
190,811,190,C=C(C)C(=C)O[Si](C)(C)C(C)(C)C.CC1(C)C=CC(=O)C(C#N)=C1,CC1=C(O[Si](C)(C)C(C)(C)C)CC2(C#N)C(=O)C=CC(C)(C)C2C1,Ether,C=C(C)C(=C)O[Si](C)(C)C(C)(C)C.CC1(C)C=CC(=O)C(C#N)=C1>>CC1=C(O[Si](C)(C)C(C)(C)C)CC2(C#N)C(=O)C=CC(C)(C)C2C1,0,0.0
191,811,191,C=C(C)C(=C)O[Si](C)(C)C(C)(C)C.CC1(C)C=CC(=O)C(C#N)=C1,CC1=C(O[Si](C)(C)C(C)(C)C)CC2C(C1)C(=O)C(C#N)=CC2(C)C,Ether,C=C(C)C(=C)O[Si](C)(C)C(C)(C)C.CC1(C)C=CC(=O)C(C#N)=C1>>CC1=C(O[Si](C)(C)C(C)(C)C)CC2C(C1)C(=O)C(C#N)=CC2(C)C,0,0.0
192,811,192,C=C(C)C(=C)O[Si](C)(C)C(C)(C)C.CC1(C)C=CC(=O)C(C#N)=C1,CC1=C(O[Si](C)(C)C(C)(C)C)CC2C(C)(C)C=CC(=O)C2(C#N)C1,Ether,C=C(C)C(=C)O[Si](C)(C)C(C)(C)C.CC1(C)C=CC(=O)C(C#N)=C1>>CC1=C(O[Si](C)(C)C(C)(C)C)CC2C(C)(C)C=CC(=O)C2(C#N)C1,1,0.0
193,815,193,C=C(C)C(=C)C.CC1(C)C=CC(=O)C(C#N)=C1,CC1=C(C)CC2C(C1)C(=O)C(C#N)=CC2(C)C,Ether,C=C(C)C(=C)C.CC1(C)C=CC(=O)C(C#N)=C1>>CC1=C(C)CC2C(C1)C(=O)C(C#N)=CC2(C)C,0,0.0
194,815,194,C=C(C)C(=C)C.CC1(C)C=CC(=O)C(C#N)=C1,CC1=C(C)CC2(C#N)C(=O)C=CC(C)(C)C2C1,Ether,C=C(C)C(=C)C.CC1(C)C=CC(=O)C(C#N)=C1>>CC1=C(C)CC2(C#N)C(=O)C=CC(C)(C)C2C1,1,0.0
195,827,195,C=CC(=O)OC.COC1(OC)C=C(Br)C=CC1=O,COC(=O)C1CC2C(Br)=CC1C(=O)C2(OC)OC,Methanol,C=CC(=O)OC.COC1(OC)C=C(Br)C=CC1=O>>COC(=O)C1CC2C(Br)=CC1C(=O)C2(OC)OC,1,0.0
196,827,196,C=CC(=O)OC.COC1(OC)C=C(Br)C=CC1=O,COC(=O)C1CC2C=C(Br)C1C(OC)(OC)C2=O,Methanol,C=CC(=O)OC.COC1(OC)C=C(Br)C=CC1=O>>COC(=O)C1CC2C=C(Br)C1C(OC)(OC)C2=O,0,0.0
197,828,197,C=C(C)C(=O)OC.COC1(OC)C=C(Br)C=CC1=O,COC(=O)C1(C)CC2C(Br)=CC1C(=O)C2(OC)OC,Methanol,C=C(C)C(=O)OC.COC1(OC)C=C(Br)C=CC1=O>>COC(=O)C1(C)CC2C(Br)=CC1C(=O)C2(OC)OC,1,0.0
198,828,198,C=C(C)C(=O)OC.COC1(OC)C=C(Br)C=CC1=O,COC(=O)C1(C)CC2C=C(Br)C1C(OC)(OC)C2=O,Methanol,C=C(C)C(=O)OC.COC1(OC)C=C(Br)C=CC1=O>>COC(=O)C1(C)CC2C=C(Br)C1C(OC)(OC)C2=O,0,0.0
199,843,199,C=CC(=C)C.C=CC(=O)OC1C(=O)N(CCOC)CC1(C)C,COCCN1CC(C)(C)C(OC(=O)C2CC=C(C)CC2)C1=O,CH2Cl2,C=CC(=C)C.C=CC(=O)OC1C(=O)N(CCOC)CC1(C)C>>COCCN1CC(C)(C)C(OC(=O)C2CC=C(C)CC2)C1=O,1,0.0
200,843,200,C=CC(=C)C.C=CC(=O)OC1C(=O)N(CCOC)CC1(C)C,COCCN1CC(C)(C)C(OC(=O)C2CCC=C(C)C2)C1=O,CH2Cl2,C=CC(=C)C.C=CC(=O)OC1C(=O)N(CCOC)CC1(C)C>>COCCN1CC(C)(C)C(OC(=O)C2CCC=C(C)C2)C1=O,0,0.0
201,848,201,C=CC=COC.C=CC(C)=O,COC1C=CCCC1C(C)=O,Water,C=CC=COC.C=CC(C)=O>>COC1C=CCCC1C(C)=O,1,0.0
202,848,202,C=CC=COC.C=CC(C)=O,COC1C=CCC(C(C)=O)C1,Water,C=CC=COC.C=CC(C)=O>>COC1C=CCC(C(C)=O)C1,0,0.0
203,891,203,CC1CC12C=CC=C2.CC1=C(C)C(=O)C=CC1=O,CC1=C(C)C(=O)C2C(C1=O)C1C=CC2C12CC2C,Water,CC1CC12C=CC=C2.CC1=C(C)C(=O)C=CC1=O>>CC1=C(C)C(=O)C2C(C1=O)C1C=CC2C12CC2C,1,0.0
204,891,204,CC1CC12C=CC=C2.CC1=C(C)C(=O)C=CC1=O,CC1CC12C1C=CC2C2(C)C(=O)C=CC(=O)C12C,Water,CC1CC12C=CC=C2.CC1=C(C)C(=O)C=CC1=O>>CC1CC12C1C=CC2C2(C)C(=O)C=CC(=O)C12C,0,0.0
205,897,205,C=C(C=COCC)C(NC(C)=O)c1ccccc1.C=CC=O,CCOC1C=C(C(NC(C)=O)c2ccccc2)CC(C=O)C1,CH2Cl2,C=C(C=COCC)C(NC(C)=O)c1ccccc1.C=CC=O>>CCOC1C=C(C(NC(C)=O)c2ccccc2)CC(C=O)C1,0,0.0
206,897,206,C=C(C=COCC)C(NC(C)=O)c1ccccc1.C=CC=O,CCOC1C=C(C(NC(C)=O)c2ccccc2)CCC1C=O,CH2Cl2,C=C(C=COCC)C(NC(C)=O)c1ccccc1.C=CC=O>>CCOC1C=C(C(NC(C)=O)c2ccccc2)CCC1C=O,1,0.0
207,898,207,C=C(C=COCC)C(NC(C)=O)c1ccccc1.C=CC(C)=O,CCOC1C=C(C(NC(C)=O)c2ccccc2)CC(C(C)=O)C1,CH2Cl2,C=C(C=COCC)C(NC(C)=O)c1ccccc1.C=CC(C)=O>>CCOC1C=C(C(NC(C)=O)c2ccccc2)CC(C(C)=O)C1,0,0.0
208,898,208,C=C(C=COCC)C(NC(C)=O)c1ccccc1.C=CC(C)=O,CCOC1C=C(C(NC(C)=O)c2ccccc2)CCC1C(C)=O,CH2Cl2,C=C(C=COCC)C(NC(C)=O)c1ccccc1.C=CC(C)=O>>CCOC1C=C(C(NC(C)=O)c2ccccc2)CCC1C(C)=O,1,0.0
209,903,209,CC1(C)C2C=C(C#N)C(=O)C1C2.C=CC(=C)C,CC1=CCC2C3CC(C(=O)C2(C#N)C1)C3(C)C,CH2Cl2,CC1(C)C2C=C(C#N)C(=O)C1C2.C=CC(=C)C>>CC1=CCC2C3CC(C(=O)C2(C#N)C1)C3(C)C,0,0.0
210,903,210,CC1(C)C2C=C(C#N)C(=O)C1C2.C=CC(=C)C,CC1=CCC2(C#N)C(=O)C3CC(C2C1)C3(C)C,CH2Cl2,CC1(C)C2C=C(C#N)C(=O)C1C2.C=CC(=C)C>>CC1=CCC2(C#N)C(=O)C3CC(C2C1)C3(C)C,1,0.0
211,932,211,C=C(F)C(=C)Sc1ccccc1.C=CC=O,O=CC1CCC(F)=C(Sc2ccccc2)C1,Ether,C=C(F)C(=C)Sc1ccccc1.C=CC=O>>O=CC1CCC(F)=C(Sc2ccccc2)C1,0,0.0
212,932,212,C=C(F)C(=C)Sc1ccccc1.C=CC=O,O=CC1CCC(Sc2ccccc2)=C(F)C1,Ether,C=C(F)C(=C)Sc1ccccc1.C=CC=O>>O=CC1CCC(Sc2ccccc2)=C(F)C1,1,0.0
213,956,213,C=CC=COC(C)=O.CC1=CC(=O)C=C(C)C1=O,CC(=O)OC1C=CCC2C(=O)C=C(C)C(=O)C12C,Toluene,C=CC=COC(C)=O.CC1=CC(=O)C=C(C)C1=O>>CC(=O)OC1C=CCC2C(=O)C=C(C)C(=O)C12C,0,0.0
214,956,214,C=CC=COC(C)=O.CC1=CC(=O)C=C(C)C1=O,CC(=O)OC1C=CCC2(C)C(=O)C(C)=CC(=O)C12,Toluene,C=CC=COC(C)=O.CC1=CC(=O)C=C(C)C1=O>>CC(=O)OC1C=CCC2(C)C(=O)C(C)=CC(=O)C12,1,0.0
215,957,215,C=CC#CC1=CC(=O)C=CC1(OC)OC.C1=CCC=C1,C=CC#CC1=CC(=O)C2C3C=CC(C3)C2C1(OC)OC,CH2Cl2,C=CC#CC1=CC(=O)C=CC1(OC)OC.C1=CCC=C1>>C=CC#CC1=CC(=O)C2C3C=CC(C3)C2C1(OC)OC,1,0.0
216,957,216,C=CC#CC1=CC(=O)C=CC1(OC)OC.C1=CCC=C1,C=CC#CC12C3C=CC(C3)C1C(=O)C=CC2(OC)OC,CH2Cl2,C=CC#CC1=CC(=O)C=CC1(OC)OC.C1=CCC=C1>>C=CC#CC12C3C=CC(C3)C1C(=O)C=CC2(OC)OC,0,0.0
217,957,217,C=CC#CC1=CC(=O)C=CC1(OC)OC.C1=CCC=C1,COC1(OC)C=CC(=O)C=C1C#CC1CC2C=CC1C2,CH2Cl2,C=CC#CC1=CC(=O)C=CC1(OC)OC.C1=CCC=C1>>COC1(OC)C=CC(=O)C=C1C#CC1CC2C=CC1C2,0,0.0
218,985,218,O=C1C=CC(=O)C(Cl)=C1Cl.C1=CCC=C1,O=C1C=CC(=O)C2(Cl)C3C=CC(C3)C12Cl,Ether,O=C1C=CC(=O)C(Cl)=C1Cl.C1=CCC=C1>>O=C1C=CC(=O)C2(Cl)C3C=CC(C3)C12Cl,0,0.0
219,985,219,O=C1C=CC(=O)C(Cl)=C1Cl.C1=CCC=C1,O=C1C(Cl)=C(Cl)C(=O)C2C3C=CC(C3)C12,Ether,O=C1C=CC(=O)C(Cl)=C1Cl.C1=CCC=C1>>O=C1C(Cl)=C(Cl)C(=O)C2C3C=CC(C3)C12,1,0.0
220,989,220,CC(C)=C1C=CC=C1.O=C1C=CC(=O)C=C1,CC(C)=C1C2C=CC1C1C(=O)C=CC(=O)C21,Benzene,CC(C)=C1C=CC=C1.O=C1C=CC(=O)C=C1>>CC(C)=C1C2C=CC1C1C(=O)C=CC(=O)C21,1,0.0
221,989,221,CC(C)=C1C=CC=C1.O=C1C=CC(=O)C=C1,CC1(C)C2=CC(C=C2)C2C(=O)C=CC(=O)C21,Benzene,CC(C)=C1C=CC=C1.O=C1C=CC(=O)C=C1>>CC1(C)C2=CC(C=C2)C2C(=O)C=CC(=O)C21,0,0.0
222,990,222,C=CC#N.CCOP(=O)(OCC)OC(=CSC(C)=O)C1=CCCC1,CCOP(=O)(OCC)OC1=C2CCCC2CC(C#N)C1SC(C)=O,THF,C=CC#N.CCOP(=O)(OCC)OC(=CSC(C)=O)C1=CCCC1>>CCOP(=O)(OCC)OC1=C2CCCC2CC(C#N)C1SC(C)=O,1,0.0
223,990,223,C=CC#N.CCOP(=O)(OCC)OC(=CSC(C)=O)C1=CCCC1,CCOP(=O)(OCC)OC1=C2CCCC2C(C#N)CC1SC(C)=O,THF,C=CC#N.CCOP(=O)(OCC)OC(=CSC(C)=O)C1=CCCC1>>CCOP(=O)(OCC)OC1=C2CCCC2C(C#N)CC1SC(C)=O,0,0.0
224,1001,224,C=CC(=O)OC1CC(C)CCC1C(C)C.C=CC(=C)C,CC1=CCCC(C(=O)OC2CC(C)CCC2C(C)C)C1,CH2Cl2,C=CC(=O)OC1CC(C)CCC1C(C)C.C=CC(=C)C>>CC1=CCCC(C(=O)OC2CC(C)CCC2C(C)C)C1,0,0.0
225,1001,225,C=CC(=O)OC1CC(C)CCC1C(C)C.C=CC(=C)C,CC1=CCC(C(=O)OC2CC(C)CCC2C(C)C)CC1,CH2Cl2,C=CC(=O)OC1CC(C)CCC1C(C)C.C=CC(=C)C>>CC1=CCC(C(=O)OC2CC(C)CCC2C(C)C)CC1,1,0.0
226,1003,226,CC=CC=O.C=CC1=CCCCC1(C)CCCC(=C)C,C=C(C)CCCC1(C)CCCC2C1=CCC(C=O)C2C,CH2Cl2,CC=CC=O.C=CC1=CCCCC1(C)CCCC(=C)C>>C=C(C)CCCC1(C)CCCC2C1=CCC(C=O)C2C,0,0.0
227,1003,227,CC=CC=O.C=CC1=CCCCC1(C)CCCC(=C)C,C=C(C)CCCC1(C)CCCC2C1=CCC(C)C2C=O,CH2Cl2,CC=CC=O.C=CC1=CCCCC1(C)CCCC(=C)C>>C=C(C)CCCC1(C)CCCC2C1=CCC(C)C2C=O,1,0.0
228,1041,228,C=CC(=C)C.C=CC(=O)OC1C(=O)N(C)CC1(C)C,CC1=CCCC(C(=O)OC2C(=O)N(C)CC2(C)C)C1,CH2Cl2,C=CC(=C)C.C=CC(=O)OC1C(=O)N(C)CC1(C)C>>CC1=CCCC(C(=O)OC2C(=O)N(C)CC2(C)C)C1,0,0.0
229,1041,229,C=CC(=C)C.C=CC(=O)OC1C(=O)N(C)CC1(C)C,CC1=CCC(C(=O)OC2C(=O)N(C)CC2(C)C)CC1,CH2Cl2,C=CC(=C)C.C=CC(=O)OC1C(=O)N(C)CC1(C)C>>CC1=CCC(C(=O)OC2C(=O)N(C)CC2(C)C)CC1,1,0.0
230,1046,230,O=C1C=CCO1.C=CC(=C)C,CC1=CCC2COC(=O)C2C1,Toluene,O=C1C=CCO1.C=CC(=C)C>>CC1=CCC2COC(=O)C2C1,0,0.0
231,1046,231,O=C1C=CCO1.C=CC(=C)C,CC1=CCC2C(=O)OCC2C1,Toluene,O=C1C=CCO1.C=CC(=C)C>>CC1=CCC2C(=O)OCC2C1,1,0.0
232,1047,232,C1=CCC=C1.O=C1C(Br)=C(Br)C2C=CC1O2,O=C1C2C=CC(O2)C2(Br)C3C=CC(C3)C12Br,CH2Cl2,C1=CCC=C1.O=C1C(Br)=C(Br)C2C=CC1O2>>O=C1C2C=CC(O2)C2(Br)C3C=CC(C3)C12Br,0,0.0
233,1047,233,C1=CCC=C1.O=C1C(Br)=C(Br)C2C=CC1O2,O=C1C(Br)=C(Br)C2OC1C1C3C=CC(C3)C21,CH2Cl2,C1=CCC=C1.O=C1C(Br)=C(Br)C2C=CC1O2>>O=C1C(Br)=C(Br)C2OC1C1C3C=CC(C3)C21,1,0.0
234,1050,234,C1=CCCC=C1.O=C1C(Br)=C(Br)C2C=CC1O2,O=C1C(Br)=C(Br)C2OC1C1C3C=CC(CC3)C21,Toluene,C1=CCCC=C1.O=C1C(Br)=C(Br)C2C=CC1O2>>O=C1C(Br)=C(Br)C2OC1C1C3C=CC(CC3)C21,1,0.0
235,1050,235,C1=CCCC=C1.O=C1C(Br)=C(Br)C2C=CC1O2,O=C1C2C=CC(O2)C2(Br)C3C=CC(CC3)C12Br,Toluene,C1=CCCC=C1.O=C1C(Br)=C(Br)C2C=CC1O2>>O=C1C2C=CC(O2)C2(Br)C3C=CC(CC3)C12Br,0,0.0
236,1057,236,C=CC(C)=CCc1cc(OC)ccc1OC.C=CC=O,COc1ccc(OC)c(CC2CC(C=O)CC=C2C)c1,Toluene,C=CC(C)=CCc1cc(OC)ccc1OC.C=CC=O>>COc1ccc(OC)c(CC2CC(C=O)CC=C2C)c1,0,0.0
237,1057,237,C=CC(C)=CCc1cc(OC)ccc1OC.C=CC=O,COc1ccc(OC)c(CC2C(C)=CCCC2C=O)c1,Toluene,C=CC(C)=CCc1cc(OC)ccc1OC.C=CC=O>>COc1ccc(OC)c(CC2C(C)=CCCC2C=O)c1,1,0.0
238,1058,238,C=CC(C)=CCc1cc(OC)ccc1OCOC.C=CC=O,COCOc1ccc(OC)cc1CC1C(C)=CCCC1C=O,Toluene,C=CC(C)=CCc1cc(OC)ccc1OCOC.C=CC=O>>COCOc1ccc(OC)cc1CC1C(C)=CCCC1C=O,1,0.0
239,1058,239,C=CC(C)=CCc1cc(OC)ccc1OCOC.C=CC=O,COCOc1ccc(OC)cc1CC1CC(C=O)CC=C1C,Toluene,C=CC(C)=CCc1cc(OC)ccc1OCOC.C=CC=O>>COCOc1ccc(OC)cc1CC1CC(C=O)CC=C1C,0,0.0
240,1059,240,C=C(CCC#N)C(C)=O.C=CC(=C)C,CC(=O)C1(CCC#N)CC=C(C)CC1,CH2Cl2,C=C(CCC#N)C(C)=O.C=CC(=C)C>>CC(=O)C1(CCC#N)CC=C(C)CC1,1,0.0
241,1059,241,C=C(CCC#N)C(C)=O.C=CC(=C)C,CC(=O)C1(CCC#N)CCC=C(C)C1,CH2Cl2,C=C(CCC#N)C(C)=O.C=CC(=C)C>>CC(=O)C1(CCC#N)CCC=C(C)C1,0,0.0
242,1064,242,C=CC=CC.COC1(OC)C=CC(=NC(=O)c2ccccc2)C=C1,COC1(OC)C=CC(=NC(=O)c2ccccc2)C2CC=CC(C)C21,CH2Cl2,C=CC=CC.COC1(OC)C=CC(=NC(=O)c2ccccc2)C=C1>>COC1(OC)C=CC(=NC(=O)c2ccccc2)C2CC=CC(C)C21,0,0.0
243,1064,243,C=CC=CC.COC1(OC)C=CC(=NC(=O)c2ccccc2)C=C1,COC1(OC)C=CC(=NC(=O)c2ccccc2)C2C(C)C=CCC21,CH2Cl2,C=CC=CC.COC1(OC)C=CC(=NC(=O)c2ccccc2)C=C1>>COC1(OC)C=CC(=NC(=O)c2ccccc2)C2C(C)C=CCC21,1,0.0
244,1103,244,CC1=C(C)C(=O)C=CC1=O.C1=CC2(C=C1)CC2,CC12C(=O)C=CC(=O)C1(C)C1C=CC2C12CC2,Water,CC1=C(C)C(=O)C=CC1=O.C1=CC2(C=C1)CC2>>CC12C(=O)C=CC(=O)C1(C)C1C=CC2C12CC2,0,0.0
245,1103,245,CC1=C(C)C(=O)C=CC1=O.C1=CC2(C=C1)CC2,CC1=C(C)C(=O)C2C(C1=O)C1C=CC2C12CC2,Water,CC1=C(C)C(=O)C=CC1=O.C1=CC2(C=C1)CC2>>CC1=C(C)C(=O)C2C(C1=O)C1C=CC2C12CC2,1,0.0
246,1104,246,C=CC=O.C=c1oc(=O)n(-c2ccccc2Br)c1=C,O=CC1CCc2oc(=O)n(-c3ccccc3Br)c2C1,CH2Cl2,C=CC=O.C=c1oc(=O)n(-c2ccccc2Br)c1=C>>O=CC1CCc2oc(=O)n(-c3ccccc3Br)c2C1,0,0.0
247,1104,247,C=CC=O.C=c1oc(=O)n(-c2ccccc2Br)c1=C,O=CC1CCc2c(oc(=O)n2-c2ccccc2Br)C1,CH2Cl2,C=CC=O.C=c1oc(=O)n(-c2ccccc2Br)c1=C>>O=CC1CCc2c(oc(=O)n2-c2ccccc2Br)C1,1,0.0
248,1118,248,C=CC(=O)c1ccccc1.C=CC(=C)C,CC1=CCC(C(=O)c2ccccc2)CC1,CH2Cl2,C=CC(=O)c1ccccc1.C=CC(=C)C>>CC1=CCC(C(=O)c2ccccc2)CC1,1,0.0
249,1118,249,C=CC(=O)c1ccccc1.C=CC(=C)C,CC1=CCCC(C(=O)c2ccccc2)C1,CH2Cl2,C=CC(=O)c1ccccc1.C=CC(=C)C>>CC1=CCCC(C(=O)c2ccccc2)C1,0,0.0
250,1144,250,C=C(Br)C(=O)OCC.C=CC(=C)CCC=C(C)C,CCOC(=O)C1(Br)CCC=C(CCC=C(C)C)C1,CH2Cl2,C=C(Br)C(=O)OCC.C=CC(=C)CCC=C(C)C>>CCOC(=O)C1(Br)CCC=C(CCC=C(C)C)C1,0,0.0
251,1144,251,C=C(Br)C(=O)OCC.C=CC(=C)CCC=C(C)C,CCOC(=O)C1(Br)CC=C(CCC=C(C)C)CC1,CH2Cl2,C=C(Br)C(=O)OCC.C=CC(=C)CCC=C(C)C>>CCOC(=O)C1(Br)CC=C(CCC=C(C)C)CC1,1,0.0
252,1159,252,COC1=C(OC)C(=O)C(CCN=[N+]=[N-])=CC1=O.C1=CCC=C1,COC12C(=O)C=C(CCN=[N+]=[N-])C(=O)C1(OC)C1C=CC2C1,CH2Cl2,COC1=C(OC)C(=O)C(CCN=[N+]=[N-])=CC1=O.C1=CCC=C1>>COC12C(=O)C=C(CCN=[N+]=[N-])C(=O)C1(OC)C1C=CC2C1,0,0.0
253,1159,253,COC1=C(OC)C(=O)C(CCN=[N+]=[N-])=CC1=O.C1=CCC=C1,COC1=C(OC)C(=O)C2(CCN=[N+]=[N-])C3C=CC(C3)C2C1=O,CH2Cl2,COC1=C(OC)C(=O)C(CCN=[N+]=[N-])=CC1=O.C1=CCC=C1>>COC1=C(OC)C(=O)C2(CCN=[N+]=[N-])C3C=CC(C3)C2C1=O,1,0.0
254,1169,254,C1=CCC=C1.COC1=CC(=O)C(C)=CC1=O,COC12C(=O)C=C(C)C(=O)C1C1C=CC2C1,CHCl3,C1=CCC=C1.COC1=CC(=O)C(C)=CC1=O>>COC12C(=O)C=C(C)C(=O)C1C1C=CC2C1,0,0.0
255,1169,255,C1=CCC=C1.COC1=CC(=O)C(C)=CC1=O,COC1=CC(=O)C2(C)C3C=CC(C3)C2C1=O,CHCl3,C1=CCC=C1.COC1=CC(=O)C(C)=CC1=O>>COC1=CC(=O)C2(C)C3C=CC(C3)C2C1=O,1,0.0
256,1184,256,O=C1OC(c2ccccc2)=NC1=CCl.C=CC(=C)C,CC1=CCC(Cl)C2(C1)N=C(c1ccccc1)OC2=O,CH2Cl2,O=C1OC(c2ccccc2)=NC1=CCl.C=CC(=C)C>>CC1=CCC(Cl)C2(C1)N=C(c1ccccc1)OC2=O,0,0.0
257,1184,257,O=C1OC(c2ccccc2)=NC1=CCl.C=CC(=C)C,CC1=CCC2(N=C(c3ccccc3)OC2=O)C(Cl)C1,CH2Cl2,O=C1OC(c2ccccc2)=NC1=CCl.C=CC(=C)C>>CC1=CCC2(N=C(c3ccccc3)OC2=O)C(Cl)C1,1,0.0
258,1185,258,C=CC(=O)OC1C(=O)N(c2ccccc2)CC1(C)C.C=CC(=C)C,CC1=CCC(C(=O)OC2C(=O)N(c3ccccc3)CC2(C)C)CC1,CH2Cl2,C=CC(=O)OC1C(=O)N(c2ccccc2)CC1(C)C.C=CC(=C)C>>CC1=CCC(C(=O)OC2C(=O)N(c3ccccc3)CC2(C)C)CC1,1,0.0
259,1185,259,C=CC(=O)OC1C(=O)N(c2ccccc2)CC1(C)C.C=CC(=C)C,CC1=CCCC(C(=O)OC2C(=O)N(c3ccccc3)CC2(C)C)C1,CH2Cl2,C=CC(=O)OC1C(=O)N(c2ccccc2)CC1(C)C.C=CC(=C)C>>CC1=CCCC(C(=O)OC2C(=O)N(c3ccccc3)CC2(C)C)C1,0,0.0
260,1196,260,CC=CC1OCCO1.C=CC(=C)C,CC1=CCC(C2OCCO2)C(C)C1,CH2Cl2,CC=CC1OCCO1.C=CC(=C)C>>CC1=CCC(C2OCCO2)C(C)C1,1,0.0
261,1196,261,CC=CC1OCCO1.C=CC(=C)C,CC1=CCC(C)C(C2OCCO2)C1,CH2Cl2,CC=CC1OCCO1.C=CC(=C)C>>CC1=CCC(C)C(C2OCCO2)C1,0,0.0
262,1200,262,CC(C)(C)OC1C=CC(=O)C1O[Si](C)(C)C(C)(C)C.C=CC(=C)C,CC1=CCC2C(C1)C(=O)C(O[Si](C)(C)C(C)(C)C)C2OC(C)(C)C,Benzene,CC(C)(C)OC1C=CC(=O)C1O[Si](C)(C)C(C)(C)C.C=CC(=C)C>>CC1=CCC2C(C1)C(=O)C(O[Si](C)(C)C(C)(C)C)C2OC(C)(C)C,0,0.0
263,1200,263,CC(C)(C)OC1C=CC(=O)C1O[Si](C)(C)C(C)(C)C.C=CC(=C)C,CC1=CCC2C(=O)C(O[Si](C)(C)C(C)(C)C)C(OC(C)(C)C)C2C1,Benzene,CC(C)(C)OC1C=CC(=O)C1O[Si](C)(C)C(C)(C)C.C=CC(=C)C>>CC1=CCC2C(=O)C(O[Si](C)(C)C(C)(C)C)C(OC(C)(C)C)C2C1,1,0.0
264,1204,264,CC(C)=C1C=CC=C1.COC(=O)C=CC(=O)OC,COC(=O)C1C2C=CC(C2=C(C)C)C1C(=O)OC,Benzene,CC(C)=C1C=CC=C1.COC(=O)C=CC(=O)OC>>COC(=O)C1C2C=CC(C2=C(C)C)C1C(=O)OC,1,0.0
265,1204,265,CC(C)=C1C=CC=C1.COC(=O)C=CC(=O)OC,COC(=O)C1C2C=CC(=C2)C(C)(C)C1C(=O)OC,Benzene,CC(C)=C1C=CC=C1.COC(=O)C=CC(=O)OC>>COC(=O)C1C2C=CC(=C2)C(C)(C)C1C(=O)OC,0,0.0
266,1209,266,C=CC(=O)C1(O)CC2CCC1(C)C2(C)C.C=CC(=C)C,CC1=CCCC(C(=O)C2(O)CC3CCC2(C)C3(C)C)C1,CH2Cl2,C=CC(=O)C1(O)CC2CCC1(C)C2(C)C.C=CC(=C)C>>CC1=CCCC(C(=O)C2(O)CC3CCC2(C)C3(C)C)C1,0,0.0
267,1209,267,C=CC(=O)C1(O)CC2CCC1(C)C2(C)C.C=CC(=C)C,CC1=CCC(C(=O)C2(O)CC3CCC2(C)C3(C)C)CC1,CH2Cl2,C=CC(=O)C1(O)CC2CCC1(C)C2(C)C.C=CC(=C)C>>CC1=CCC(C(=O)C2(O)CC3CCC2(C)C3(C)C)CC1,1,0.0
268,1235,268,C=C1C(=O)OC(C)(C)OC1=O.C=C(C)C1=CCCS1(=O)=O,CC1=C2C(CCS2(=O)=O)CC2(C1)C(=O)OC(C)(C)OC2=O,Acetonitrile,C=C1C(=O)OC(C)(C)OC1=O.C=C(C)C1=CCCS1(=O)=O>>CC1=C2C(CCS2(=O)=O)CC2(C1)C(=O)OC(C)(C)OC2=O,0,0.0
269,1235,269,C=C1C(=O)OC(C)(C)OC1=O.C=C(C)C1=CCCS1(=O)=O,CC1=C2C(CCS2(=O)=O)C2(CC1)C(=O)OC(C)(C)OC2=O,Acetonitrile,C=C1C(=O)OC(C)(C)OC1=O.C=C(C)C1=CCCS1(=O)=O>>CC1=C2C(CCS2(=O)=O)C2(CC1)C(=O)OC(C)(C)OC2=O,1,0.0
270,1244,270,C=C(C)C=O.C=C(C=CC)CCC=C(C)C,CC(C)=CCCC1=CC(C)C(C)(C=O)CC1,CH2Cl2,C=C(C)C=O.C=C(C=CC)CCC=C(C)C>>CC(C)=CCCC1=CC(C)C(C)(C=O)CC1,1,0.0
271,1244,271,C=C(C)C=O.C=C(C=CC)CCC=C(C)C,CC(C)=CCCC1=CC(C)CC(C)(C=O)C1,CH2Cl2,C=C(C)C=O.C=C(C=CC)CCC=C(C)C>>CC(C)=CCCC1=CC(C)CC(C)(C=O)C1,0,0.0
272,1253,272,O=C1C=CCC1.CC1=CC=CC2OC(C)(C)OC12,CC1(C)OC2C3C=CC(C)(C2O1)C1C(=O)CCC31,CH2Cl2,O=C1C=CCC1.CC1=CC=CC2OC(C)(C)OC12>>CC1(C)OC2C3C=CC(C)(C2O1)C1C(=O)CCC31,1,0.0
273,1253,273,O=C1C=CCC1.CC1=CC=CC2OC(C)(C)OC12,CC1(C)OC2C3C=CC(C)(C4CCC(=O)C34)C2O1,CH2Cl2,O=C1C=CCC1.CC1=CC=CC2OC(C)(C)OC12>>CC1(C)OC2C3C=CC(C)(C4CCC(=O)C34)C2O1,0,0.0
274,1267,274,CCOP(=O)(OCC)OC(=CSCC)C1=CCCC1.C=CC=O,CCOP(=O)(OCC)OC1=C2CCCC2C(C=O)CC1SCC,Ether,CCOP(=O)(OCC)OC(=CSCC)C1=CCCC1.C=CC=O>>CCOP(=O)(OCC)OC1=C2CCCC2C(C=O)CC1SCC,0,0.0
275,1267,275,CCOP(=O)(OCC)OC(=CSCC)C1=CCCC1.C=CC=O,CCOP(=O)(OCC)OC1=C2CCCC2CC(C=O)C1SCC,Ether,CCOP(=O)(OCC)OC(=CSCC)C1=CCCC1.C=CC=O>>CCOP(=O)(OCC)OC1=C2CCCC2CC(C=O)C1SCC,1,0.0
276,1301,276,C=CC(=O)C1CC2C=CC1C2.C1=CCC=C1,C=CC(=O)C1CC2CC1C1C3C=CC(C3)C21,CH2Cl2,C=CC(=O)C1CC2C=CC1C2.C1=CCC=C1>>C=CC(=O)C1CC2CC1C1C3C=CC(C3)C21,0,0.0
277,1301,277,C=CC(=O)C1CC2C=CC1C2.C1=CCC=C1,O=C(C1CC2C=CC1C2)C1CC2C=CC1C2,CH2Cl2,C=CC(=O)C1CC2C=CC1C2.C1=CCC=C1>>O=C(C1CC2C=CC1C2)C1CC2C=CC1C2,1,0.0
278,1303,278,C=CCC1=C(CC=C)C(=O)C=CC1=O.C1=CCC=C1,C=CCC1=C(CC2CC3C=CC2C3)C(=O)C=CC1=O,Methanol,C=CCC1=C(CC=C)C(=O)C=CC1=O.C1=CCC=C1>>C=CCC1=C(CC2CC3C=CC2C3)C(=O)C=CC1=O,0,0.0
279,1303,279,C=CCC1=C(CC=C)C(=O)C=CC1=O.C1=CCC=C1,C=CCC12C(=O)C=CC(=O)C1(CC=C)C1C=CC2C1,Methanol,C=CCC1=C(CC=C)C(=O)C=CC1=O.C1=CCC=C1>>C=CCC12C(=O)C=CC(=O)C1(CC=C)C1C=CC2C1,0,0.0
280,1303,280,C=CCC1=C(CC=C)C(=O)C=CC1=O.C1=CCC=C1,C=CCC1=C(CC=C)C(=O)C2C3C=CC(C3)C2C1=O,Methanol,C=CCC1=C(CC=C)C(=O)C=CC1=O.C1=CCC=C1>>C=CCC1=C(CC=C)C(=O)C2C3C=CC(C3)C2C1=O,1,0.0
281,1355,281,CC=CC(=O)C1(O)CC2CCC1(C)C2(C)C.C=CC(=C)C,CC1=CCC(C)C(C(=O)C2(O)CC3CCC2(C)C3(C)C)C1,CH2Cl2,CC=CC(=O)C1(O)CC2CCC1(C)C2(C)C.C=CC(=C)C>>CC1=CCC(C)C(C(=O)C2(O)CC3CCC2(C)C3(C)C)C1,0,0.0
282,1355,282,CC=CC(=O)C1(O)CC2CCC1(C)C2(C)C.C=CC(=C)C,CC1=CCC(C(=O)C2(O)CC3CCC2(C)C3(C)C)C(C)C1,CH2Cl2,CC=CC(=O)C1(O)CC2CCC1(C)C2(C)C.C=CC(=C)C>>CC1=CCC(C(=O)C2(O)CC3CCC2(C)C3(C)C)C(C)C1,1,0.0
283,1362,283,C=CC(=O)C(C)(C)O.C=CC(=C)C,CC1=CCCC(C(=O)C(C)(C)O)C1,CH2Cl2,C=CC(=O)C(C)(C)O.C=CC(=C)C>>CC1=CCCC(C(=O)C(C)(C)O)C1,0,0.0
284,1362,284,C=CC(=O)C(C)(C)O.C=CC(=C)C,CC1=CCC(C(=O)C(C)(C)O)CC1,CH2Cl2,C=CC(=O)C(C)(C)O.C=CC(=C)C>>CC1=CCC(C(=O)C(C)(C)O)CC1,1,0.0
285,1389,285,CC1=CCCC(C)(C)C1=O.C=CC1=CCCC2(OCCO2)C1(C)C,CC1(C)CCC2C3CCC4(OCCO4)C(C)(C)C3=CCC2(C)C1=O,CH2Cl2,CC1=CCCC(C)(C)C1=O.C=CC1=CCCC2(OCCO2)C1(C)C>>CC1(C)CCC2C3CCC4(OCCO4)C(C)(C)C3=CCC2(C)C1=O,0,0.0
286,1389,286,CC1=CCCC(C)(C)C1=O.C=CC1=CCCC2(OCCO2)C1(C)C,CC1(C)CCC2CC=C3C(CCC4(OCCO4)C3(C)C)C2(C)C1=O,CH2Cl2,CC1=CCCC(C)(C)C1=O.C=CC1=CCCC2(OCCO2)C1(C)C>>CC1(C)CCC2CC=C3C(CCC4(OCCO4)C3(C)C)C2(C)C1=O,1,0.0
287,1397,287,C=c1oc(=O)n(-c2ccc(C)cc2)c1=C.C=CC=O,Cc1ccc(-n2c3c(oc2=O)CC(C=O)CC3)cc1,CH2Cl2,C=c1oc(=O)n(-c2ccc(C)cc2)c1=C.C=CC=O>>Cc1ccc(-n2c3c(oc2=O)CC(C=O)CC3)cc1,1,0.0
288,1397,288,C=c1oc(=O)n(-c2ccc(C)cc2)c1=C.C=CC=O,Cc1ccc(-n2c3c(oc2=O)CCC(C=O)C3)cc1,CH2Cl2,C=c1oc(=O)n(-c2ccc(C)cc2)c1=C.C=CC=O>>Cc1ccc(-n2c3c(oc2=O)CCC(C=O)C3)cc1,0,0.0
289,1430,289,C[Si](C)(C)OC1=CCCC=C1.C=C(Cl)C#N,C[Si](C)(C)OC1=CC2CCC1CC2(Cl)C#N,Toluene,C[Si](C)(C)OC1=CCCC=C1.C=C(Cl)C#N>>C[Si](C)(C)OC1=CC2CCC1CC2(Cl)C#N,1,0.0
290,1430,290,C[Si](C)(C)OC1=CCCC=C1.C=C(Cl)C#N,C[Si](C)(C)OC1=CC2CCC1C(Cl)(C#N)C2,Toluene,C[Si](C)(C)OC1=CCCC=C1.C=C(Cl)C#N>>C[Si](C)(C)OC1=CC2CCC1C(Cl)(C#N)C2,0,0.0
291,1455,291,C=C(C)C(COC(C)=O)=C(C)C.C=CC=O,CC(=O)OCC1=C(C)CC(C=O)CC1(C)C,CH2Cl2,C=C(C)C(COC(C)=O)=C(C)C.C=CC=O>>CC(=O)OCC1=C(C)CC(C=O)CC1(C)C,0,0.0
292,1455,292,C=C(C)C(COC(C)=O)=C(C)C.C=CC=O,CC(=O)OCC1=C(C)CCC(C=O)C1(C)C,CH2Cl2,C=C(C)C(COC(C)=O)=C(C)C.C=CC=O>>CC(=O)OCC1=C(C)CCC(C=O)C1(C)C,1,0.0
293,1473,293,O=C1C=CC(=O)O1.CC(C)=C1C=CC=C1,CC1(C)C2=CC(C=C2)C2C(=O)OC(=O)C21,Benzene,O=C1C=CC(=O)O1.CC(C)=C1C=CC=C1>>CC1(C)C2=CC(C=C2)C2C(=O)OC(=O)C21,0,0.0
294,1473,294,O=C1C=CC(=O)O1.CC(C)=C1C=CC=C1,CC(C)=C1C2C=CC1C1C(=O)OC(=O)C21,Benzene,O=C1C=CC(=O)O1.CC(C)=C1C=CC=C1>>CC(C)=C1C2C=CC1C1C(=O)OC(=O)C21,1,0.0
295,1512,295,C1=CCC=C1.CC1=CC(=O)C=CC1=O,CC12C(=O)C=CC(=O)C1C1C=CC2C1,Methanol,C1=CCC=C1.CC1=CC(=O)C=CC1=O>>CC12C(=O)C=CC(=O)C1C1C=CC2C1,0,0.0
296,1512,296,C1=CCC=C1.CC1=CC(=O)C=CC1=O,CC1=CC(=O)C2C3C=CC(C3)C2C1=O,Methanol,C1=CCC=C1.CC1=CC(=O)C=CC1=O>>CC1=CC(=O)C2C3C=CC(C3)C2C1=O,1,0.0
297,1524,297,C=C(C)C=O.CCOP(=O)(OCC)OC(=CSCC)C1=CCCC1,CCOP(=O)(OCC)OC1=C2CCCC2CC(C)(C=O)C1SCC,Ether,C=C(C)C=O.CCOP(=O)(OCC)OC(=CSCC)C1=CCCC1>>CCOP(=O)(OCC)OC1=C2CCCC2CC(C)(C=O)C1SCC,1,0.0
298,1524,298,C=C(C)C=O.CCOP(=O)(OCC)OC(=CSCC)C1=CCCC1,CCOP(=O)(OCC)OC1=C2CCCC2C(C)(C=O)CC1SCC,Ether,C=C(C)C=O.CCOP(=O)(OCC)OC(=CSCC)C1=CCCC1>>CCOP(=O)(OCC)OC1=C2CCCC2C(C)(C=O)CC1SCC,0,0.0
299,1528,299,C=CC(C)=O.CCOP(=O)(OCC)OC(=CSCC)C1=CCCC1,CCOP(=O)(OCC)OC1=C2CCCC2CC(C(C)=O)C1SCC,Ether,C=CC(C)=O.CCOP(=O)(OCC)OC(=CSCC)C1=CCCC1>>CCOP(=O)(OCC)OC1=C2CCCC2CC(C(C)=O)C1SCC,1,0.0
300,1528,300,C=CC(C)=O.CCOP(=O)(OCC)OC(=CSCC)C1=CCCC1,CCOP(=O)(OCC)OC1=C2CCCC2C(C(C)=O)CC1SCC,Ether,C=CC(C)=O.CCOP(=O)(OCC)OC(=CSCC)C1=CCCC1>>CCOP(=O)(OCC)OC1=C2CCCC2C(C(C)=O)CC1SCC,0,0.0
301,1602,301,N#CC1=C(C#N)C(=O)C=CC1=O.C=CC(=C)C,CC1=CCC2C(=O)C(C#N)=C(C#N)C(=O)C2C1,THF,N#CC1=C(C#N)C(=O)C=CC1=O.C=CC(=C)C>>CC1=CCC2C(=O)C(C#N)=C(C#N)C(=O)C2C1,0,0.0
302,1602,302,N#CC1=C(C#N)C(=O)C=CC1=O.C=CC(=C)C,CC1=CCC2(C#N)C(=O)C=CC(=O)C2(C#N)C1,THF,N#CC1=C(C#N)C(=O)C=CC1=O.C=CC(=C)C>>CC1=CCC2(C#N)C(=O)C=CC(=O)C2(C#N)C1,1,0.0
303,1676,303,C=C(C)C=O.C=CC1=CCCCC1O,CC1(C=O)CC=C2C(O)CCCC2C1,CH2Cl2,C=C(C)C=O.C=CC1=CCCCC1O>>CC1(C=O)CC=C2C(O)CCCC2C1,0,0.0
304,1676,304,C=C(C)C=O.C=CC1=CCCCC1O,CC1(C=O)CCC=C2C(O)CCCC21,CH2Cl2,C=C(C)C=O.C=CC1=CCCCC1O>>CC1(C=O)CCC=C2C(O)CCCC21,1,0.0
305,1678,305,C=CC1=CCCCC1O.C=CC(=O)OC,COC(=O)C1CCC=C2C(O)CCCC21,CH2Cl2,C=CC1=CCCCC1O.C=CC(=O)OC>>COC(=O)C1CCC=C2C(O)CCCC21,1,0.0
306,1678,306,C=CC1=CCCCC1O.C=CC(=O)OC,COC(=O)C1CC=C2C(O)CCCC2C1,CH2Cl2,C=CC1=CCCCC1O.C=CC(=O)OC>>COC(=O)C1CC=C2C(O)CCCC2C1,0,0.0
307,1680,307,C=CC1=CCCCC1O.C=CC=O,O=CC1CCC=C2C(O)CCCC21,CH2Cl2,C=CC1=CCCCC1O.C=CC=O>>O=CC1CCC=C2C(O)CCCC21,1,0.0
308,1680,308,C=CC1=CCCCC1O.C=CC=O,O=CC1CC=C2C(O)CCCC2C1,CH2Cl2,C=CC1=CCCCC1O.C=CC=O>>O=CC1CC=C2C(O)CCCC2C1,0,0.0
309,1705,309,C=CC#N.CCOP(=O)(OCC)OC(=CSCC)C1=CCCC1,CCOP(=O)(OCC)OC1=C2CCCC2C(C#N)CC1SCC,THF,C=CC#N.CCOP(=O)(OCC)OC(=CSCC)C1=CCCC1>>CCOP(=O)(OCC)OC1=C2CCCC2C(C#N)CC1SCC,0,0.0
310,1705,310,C=CC#N.CCOP(=O)(OCC)OC(=CSCC)C1=CCCC1,CCOP(=O)(OCC)OC1=C2CCCC2CC(C#N)C1SCC,THF,C=CC#N.CCOP(=O)(OCC)OC(=CSCC)C1=CCCC1>>CCOP(=O)(OCC)OC1=C2CCCC2CC(C#N)C1SCC,1,0.0
311,1739,311,C=CC1=CC(O[Si](C)(C)C(C)(C)C)CC1(C)O.C=CC=O,CC1(O)CC(O[Si](C)(C)C(C)(C)C)C2C1=CCCC2C=O,CH2Cl2,C=CC1=CC(O[Si](C)(C)C(C)(C)C)CC1(C)O.C=CC=O>>CC1(O)CC(O[Si](C)(C)C(C)(C)C)C2C1=CCCC2C=O,1,0.0
312,1739,312,C=CC1=CC(O[Si](C)(C)C(C)(C)C)CC1(C)O.C=CC=O,CC1(O)CC(O[Si](C)(C)C(C)(C)C)C2CC(C=O)CC=C21,CH2Cl2,C=CC1=CC(O[Si](C)(C)C(C)(C)C)CC1(C)O.C=CC=O>>CC1(O)CC(O[Si](C)(C)C(C)(C)C)C2CC(C=O)CC=C21,0,0.0
313,1748,313,C=C=COC1CC(C)CCC1C(C)C.C1=CCC=C1,C=C1C2C=CC(C2)C1OC1CC(C)CCC1C(C)C,CH2Cl2,C=C=COC1CC(C)CCC1C(C)C.C1=CCC=C1>>C=C1C2C=CC(C2)C1OC1CC(C)CCC1C(C)C,0,0.0
314,1748,314,C=C=COC1CC(C)CCC1C(C)C.C1=CCC=C1,CC1CCC(C(C)C)C(OC=C2CC3C=CC2C3)C1,CH2Cl2,C=C=COC1CC(C)CCC1C(C)C.C1=CCC=C1>>CC1CCC(C(C)C)C(OC=C2CC3C=CC2C3)C1,1,0.0
315,1751,315,COC(=O)C=CC(C)=O.C=CC(=C)O[Si](C)(C)C(C)(C)C,COC(=O)C1CC=C(O[Si](C)(C)C(C)(C)C)CC1C(C)=O,Toluene,COC(=O)C=CC(C)=O.C=CC(=C)O[Si](C)(C)C(C)(C)C>>COC(=O)C1CC=C(O[Si](C)(C)C(C)(C)C)CC1C(C)=O,0,0.0
316,1751,316,COC(=O)C=CC(C)=O.C=CC(=C)O[Si](C)(C)C(C)(C)C,COC(=O)C1CC(O[Si](C)(C)C(C)(C)C)=CCC1C(C)=O,Toluene,COC(=O)C=CC(C)=O.C=CC(=C)O[Si](C)(C)C(C)(C)C>>COC(=O)C1CC(O[Si](C)(C)C(C)(C)C)=CCC1C(C)=O,1,0.0
317,1768,317,C=CC(=O)OC(C)(C)C.CC12C=CC=CN1C=CC2=O,CC(C)(C)OC(=O)C1CC2C=CC1N1C=CC(=O)C21C,Benzene,C=CC(=O)OC(C)(C)C.CC12C=CC=CN1C=CC2=O>>CC(C)(C)OC(=O)C1CC2C=CC1N1C=CC(=O)C21C,1,0.0
318,1768,318,C=CC(=O)OC(C)(C)C.CC12C=CC=CN1C=CC2=O,CC(C)(C)OC(=O)C1CC2C=CC1C1(C)C(=O)C=CN21,Benzene,C=CC(=O)OC(C)(C)C.CC12C=CC=CN1C=CC2=O>>CC(C)(C)OC(=O)C1CC2C=CC1C1(C)C(=O)C=CN21,0,0.0
319,1769,319,CC12C=CC=CN1C=CC2=O.C=CC(=O)OC,COC(=O)C1CC2C=CC1N1C=CC(=O)C21C,Benzene,CC12C=CC=CN1C=CC2=O.C=CC(=O)OC>>COC(=O)C1CC2C=CC1N1C=CC(=O)C21C,1,0.0
320,1769,320,CC12C=CC=CN1C=CC2=O.C=CC(=O)OC,COC(=O)C1CC2C=CC1C1(C)C(=O)C=CN21,Benzene,CC12C=CC=CN1C=CC2=O.C=CC(=O)OC>>COC(=O)C1CC2C=CC1C1(C)C(=O)C=CN21,0,0.0
321,1770,321,CC12C=CC=CN1C=CC2=O.C=C(Cl)C#N,CC12C(=O)C=CN1C1C=CC2C(Cl)(C#N)C1,Benzene,CC12C=CC=CN1C=CC2=O.C=C(Cl)C#N>>CC12C(=O)C=CN1C1C=CC2C(Cl)(C#N)C1,0,0.0
322,1770,322,CC12C=CC=CN1C=CC2=O.C=C(Cl)C#N,CC12C(=O)C=CN1C1C=CC2CC1(Cl)C#N,Benzene,CC12C=CC=CN1C=CC2=O.C=C(Cl)C#N>>CC12C(=O)C=CN1C1C=CC2CC1(Cl)C#N,1,0.0
323,1798,323,C=Cc1ccccc1.CC(C)(C)C1=CC(=O)C(=O)C(C(C)(C)C)=C1,CC(C)(C)C1=CC2(C(C)(C)C)C(=O)C(=O)C1CC2c1ccccc1,Acetonitrile,C=Cc1ccccc1.CC(C)(C)C1=CC(=O)C(=O)C(C(C)(C)C)=C1>>CC(C)(C)C1=CC2(C(C)(C)C)C(=O)C(=O)C1CC2c1ccccc1,1,0.0
324,1798,324,C=Cc1ccccc1.CC(C)(C)C1=CC(=O)C(=O)C(C(C)(C)C)=C1,CC(C)(C)C1=CC2(C(C)(C)C)CC(c3ccccc3)C1C(=O)C2=O,Acetonitrile,C=Cc1ccccc1.CC(C)(C)C1=CC(=O)C(=O)C(C(C)(C)C)=C1>>CC(C)(C)C1=CC2(C(C)(C)C)CC(c3ccccc3)C1C(=O)C2=O,0,0.0
325,1827,325,O=[N+]([O-])C=Cc1ccccc1.C=CC=CN1CCCC1=O,O=C1CCCN1C1C=CCC([N+](=O)[O-])C1c1ccccc1,Ether,O=[N+]([O-])C=Cc1ccccc1.C=CC=CN1CCCC1=O>>O=C1CCCN1C1C=CCC([N+](=O)[O-])C1c1ccccc1,0,0.0
326,1827,326,O=[N+]([O-])C=Cc1ccccc1.C=CC=CN1CCCC1=O,O=C1CCCN1C1C=CCC(c2ccccc2)C1[N+](=O)[O-],Ether,O=[N+]([O-])C=Cc1ccccc1.C=CC=CN1CCCC1=O>>O=C1CCCN1C1C=CCC(c2ccccc2)C1[N+](=O)[O-],1,0.0
327,1857,327,C=C(C)C=O.C=C(C)C1=CCCCC1O,CC1=C2C(O)CCCC2CC(C)(C=O)C1,CH2Cl2,C=C(C)C=O.C=C(C)C1=CCCCC1O>>CC1=C2C(O)CCCC2CC(C)(C=O)C1,0,0.0
328,1857,328,C=C(C)C=O.C=C(C)C1=CCCCC1O,CC1=C2C(O)CCCC2C(C)(C=O)CC1,CH2Cl2,C=C(C)C=O.C=C(C)C1=CCCCC1O>>CC1=C2C(O)CCCC2C(C)(C=O)CC1,1,0.0
329,1858,329,C=C(C)C=O.C=CC1=CCCCC1(O)C=C,C=CC1(O)CCCC2C1=CCCC2(C)C=O,CH2Cl2,C=C(C)C=O.C=CC1=CCCCC1(O)C=C>>C=CC1(O)CCCC2C1=CCCC2(C)C=O,1,0.0
330,1858,330,C=C(C)C=O.C=CC1=CCCCC1(O)C=C,C=CC1(O)CCCC2CC(C)(C=O)CC=C21,CH2Cl2,C=C(C)C=O.C=CC1=CCCCC1(O)C=C>>C=CC1(O)CCCC2CC(C)(C=O)CC=C21,0,0.0
331,1859,331,C=C(C)C=O.C=CC1=CCCCC1(O)C(=C)C,C=C(C)C1(O)CCCC2C1=CCCC2(C)C=O,CH2Cl2,C=C(C)C=O.C=CC1=CCCCC1(O)C(=C)C>>C=C(C)C1(O)CCCC2C1=CCCC2(C)C=O,1,0.0
332,1859,332,C=C(C)C=O.C=CC1=CCCCC1(O)C(=C)C,C=C(C)C1(O)CCCC2CC(C)(C=O)CC=C21,CH2Cl2,C=C(C)C=O.C=CC1=CCCCC1(O)C(=C)C>>C=C(C)C1(O)CCCC2CC(C)(C=O)CC=C21,0,0.0
333,1862,333,C=C(C)C1=CCCCC1O.C=CC(=O)OC,COC(=O)C1CC(C)=C2C(O)CCCC2C1,CH2Cl2,C=C(C)C1=CCCCC1O.C=CC(=O)OC>>COC(=O)C1CC(C)=C2C(O)CCCC2C1,0,0.0
334,1862,334,C=C(C)C1=CCCCC1O.C=CC(=O)OC,COC(=O)C1CCC(C)=C2C(O)CCCC21,CH2Cl2,C=C(C)C1=CCCCC1O.C=CC(=O)OC>>COC(=O)C1CCC(C)=C2C(O)CCCC21,1,0.0
335,1863,335,C=C(C)C1=CCCCC1O.C=CC=O,CC1=C2C(O)CCCC2C(C=O)CC1,CH2Cl2,C=C(C)C1=CCCCC1O.C=CC=O>>CC1=C2C(O)CCCC2C(C=O)CC1,1,0.0
336,1863,336,C=C(C)C1=CCCCC1O.C=CC=O,CC1=C2C(O)CCCC2CC(C=O)C1,CH2Cl2,C=C(C)C1=CCCCC1O.C=CC=O>>CC1=C2C(O)CCCC2CC(C=O)C1,0,0.0
337,1864,337,C=CC=O.C=CC1=CCCCC1(O)c1ccccc1,O=CC1CCC=C2C1CCCC2(O)c1ccccc1,CH2Cl2,C=CC=O.C=CC1=CCCCC1(O)c1ccccc1>>O=CC1CCC=C2C1CCCC2(O)c1ccccc1,1,0.0
338,1864,338,C=CC=O.C=CC1=CCCCC1(O)c1ccccc1,O=CC1CC=C2C(CCCC2(O)c2ccccc2)C1,CH2Cl2,C=CC=O.C=CC1=CCCCC1(O)c1ccccc1>>O=CC1CC=C2C(CCCC2(O)c2ccccc2)C1,0,0.0
339,1893,339,O=C1C=CC(=O)C(CCC(=O)O)=C1.C1=CCC=C1,O=C(O)CCC1=CC(=O)C2C3C=CC(C3)C2C1=O,Methanol,O=C1C=CC(=O)C(CCC(=O)O)=C1.C1=CCC=C1>>O=C(O)CCC1=CC(=O)C2C3C=CC(C3)C2C1=O,1,0.0
340,1893,340,O=C1C=CC(=O)C(CCC(=O)O)=C1.C1=CCC=C1,O=C(O)CCC12C(=O)C=CC(=O)C1C1C=CC2C1,Methanol,O=C1C=CC(=O)C(CCC(=O)O)=C1.C1=CCC=C1>>O=C(O)CCC12C(=O)C=CC(=O)C1C1C=CC2C1,0,0.0
341,1896,341,CS(=O)(=O)C1=CC=C(S(C)(=O)=O)S1(=O)=O.C1=CCCC=C1,CS(=O)(=O)C12C=CC(S(C)(=O)=O)(C3CCC=CC31)S2(=O)=O,THF,CS(=O)(=O)C1=CC=C(S(C)(=O)=O)S1(=O)=O.C1=CCCC=C1>>CS(=O)(=O)C12C=CC(S(C)(=O)=O)(C3CCC=CC31)S2(=O)=O,0,0.0
342,1896,342,CS(=O)(=O)C1=CC=C(S(C)(=O)=O)S1(=O)=O.C1=CCCC=C1,CS(=O)(=O)C1=CC2C3C=CC(CC3)C2(S(C)(=O)=O)S1(=O)=O,THF,CS(=O)(=O)C1=CC=C(S(C)(=O)=O)S1(=O)=O.C1=CCCC=C1>>CS(=O)(=O)C1=CC2C3C=CC(CC3)C2(S(C)(=O)=O)S1(=O)=O,1,0.0
343,1897,343,CS(=O)(=O)C1=CC=C(S(C)(=O)=O)S1(=O)=O.C=CC=C,CS(=O)(=O)C1=CC2CC=CCC2(S(C)(=O)=O)S1(=O)=O,CH2Cl2,CS(=O)(=O)C1=CC=C(S(C)(=O)=O)S1(=O)=O.C=CC=C>>CS(=O)(=O)C1=CC2CC=CCC2(S(C)(=O)=O)S1(=O)=O,1,0.0
344,1897,344,CS(=O)(=O)C1=CC=C(S(C)(=O)=O)S1(=O)=O.C=CC=C,C=CC1CC2(S(C)(=O)=O)C=CC1(S(C)(=O)=O)S2(=O)=O,CH2Cl2,CS(=O)(=O)C1=CC=C(S(C)(=O)=O)S1(=O)=O.C=CC=C>>C=CC1CC2(S(C)(=O)=O)C=CC1(S(C)(=O)=O)S2(=O)=O,0,0.0
345,1898,345,CS(=O)(=O)C1=CC=C(S(C)(=O)=O)S1(=O)=O.C=C(C)C(=C)C,CC1=C(C)CC2(S(C)(=O)=O)C(C=C(S(C)(=O)=O)S2(=O)=O)C1,CH2Cl2,CS(=O)(=O)C1=CC=C(S(C)(=O)=O)S1(=O)=O.C=C(C)C(=C)C>>CC1=C(C)CC2(S(C)(=O)=O)C(C=C(S(C)(=O)=O)S2(=O)=O)C1,1,0.0
346,1898,346,CS(=O)(=O)C1=CC=C(S(C)(=O)=O)S1(=O)=O.C=C(C)C(=C)C,C=C(C)C1(C)CC2(S(C)(=O)=O)C=CC1(S(C)(=O)=O)S2(=O)=O,CH2Cl2,CS(=O)(=O)C1=CC=C(S(C)(=O)=O)S1(=O)=O.C=C(C)C(=C)C>>C=C(C)C1(C)CC2(S(C)(=O)=O)C=CC1(S(C)(=O)=O)S2(=O)=O,0,0.0
347,1899,347,C=C(C)C(=C)C.CS(=O)(=O)C1=CC=C(Cl)S1(=O)=O,CC1=C(C)CC2(S(C)(=O)=O)C(C=C(Cl)S2(=O)=O)C1,CH2Cl2,C=C(C)C(=C)C.CS(=O)(=O)C1=CC=C(Cl)S1(=O)=O>>CC1=C(C)CC2(S(C)(=O)=O)C(C=C(Cl)S2(=O)=O)C1,1,0.0
348,1899,348,C=C(C)C(=C)C.CS(=O)(=O)C1=CC=C(Cl)S1(=O)=O,C=C(C)C1(C)CC2(Cl)C=CC1(S(C)(=O)=O)S2(=O)=O,CH2Cl2,C=C(C)C(=C)C.CS(=O)(=O)C1=CC=C(Cl)S1(=O)=O>>C=C(C)C1(C)CC2(Cl)C=CC1(S(C)(=O)=O)S2(=O)=O,0,0.0
349,1899,349,C=C(C)C(=C)C.CS(=O)(=O)C1=CC=C(Cl)S1(=O)=O,C=C(C)C1(C)CC2(S(C)(=O)=O)C=CC1(Cl)S2(=O)=O,CH2Cl2,C=C(C)C(=C)C.CS(=O)(=O)C1=CC=C(Cl)S1(=O)=O>>C=C(C)C1(C)CC2(S(C)(=O)=O)C=CC1(Cl)S2(=O)=O,0,0.0
350,1899,350,C=C(C)C(=C)C.CS(=O)(=O)C1=CC=C(Cl)S1(=O)=O,CC1=C(C)CC2(Cl)C(C=C(S(C)(=O)=O)S2(=O)=O)C1,CH2Cl2,C=C(C)C(=C)C.CS(=O)(=O)C1=CC=C(Cl)S1(=O)=O>>CC1=C(C)CC2(Cl)C(C=C(S(C)(=O)=O)S2(=O)=O)C1,0,0.0
351,1903,351,CS(=O)(=O)C1=CC=C(S(C)(=O)=O)S1(=O)=O.C=CC(=C)C,C=C(C)C1CC2(S(C)(=O)=O)C=CC1(S(C)(=O)=O)S2(=O)=O,CH2Cl2,CS(=O)(=O)C1=CC=C(S(C)(=O)=O)S1(=O)=O.C=CC(=C)C>>C=C(C)C1CC2(S(C)(=O)=O)C=CC1(S(C)(=O)=O)S2(=O)=O,0,0.0
352,1903,352,CS(=O)(=O)C1=CC=C(S(C)(=O)=O)S1(=O)=O.C=CC(=C)C,CC1=CCC2(S(C)(=O)=O)C(C=C(S(C)(=O)=O)S2(=O)=O)C1,CH2Cl2,CS(=O)(=O)C1=CC=C(S(C)(=O)=O)S1(=O)=O.C=CC(=C)C>>CC1=CCC2(S(C)(=O)=O)C(C=C(S(C)(=O)=O)S2(=O)=O)C1,1,0.0
353,1903,353,CS(=O)(=O)C1=CC=C(S(C)(=O)=O)S1(=O)=O.C=CC(=C)C,C=CC1(C)CC2(S(C)(=O)=O)C=CC1(S(C)(=O)=O)S2(=O)=O,CH2Cl2,CS(=O)(=O)C1=CC=C(S(C)(=O)=O)S1(=O)=O.C=CC(=C)C>>C=CC1(C)CC2(S(C)(=O)=O)C=CC1(S(C)(=O)=O)S2(=O)=O,0,0.0
354,1903,354,CS(=O)(=O)C1=CC=C(S(C)(=O)=O)S1(=O)=O.C=CC(=C)C,CC1=CCC2C=C(S(C)(=O)=O)S(=O)(=O)C2(S(C)(=O)=O)C1,CH2Cl2,CS(=O)(=O)C1=CC=C(S(C)(=O)=O)S1(=O)=O.C=CC(=C)C>>CC1=CCC2C=C(S(C)(=O)=O)S(=O)(=O)C2(S(C)(=O)=O)C1,0,0.0
355,1908,355,COC(=O)C1=CC(=O)C=CC1=O.C=C(C=COC)OC,COC(=O)C1=CC(=O)C2CC(OC)=CC(OC)C2C1=O,Benzene,COC(=O)C1=CC(=O)C=CC1=O.C=C(C=COC)OC>>COC(=O)C1=CC(=O)C2CC(OC)=CC(OC)C2C1=O,0,0.0
356,1908,356,COC(=O)C1=CC(=O)C=CC1=O.C=C(C=COC)OC,COC(=O)C12C(=O)C=CC(=O)C1CC(OC)=CC2OC,Benzene,COC(=O)C1=CC(=O)C=CC1=O.C=C(C=COC)OC>>COC(=O)C12C(=O)C=CC(=O)C1CC(OC)=CC2OC,1,0.0
357,1908,357,COC(=O)C1=CC(=O)C=CC1=O.C=C(C=COC)OC,COC(=O)C12CC(OC)=CC(OC)C1C(=O)C=CC2=O,Benzene,COC(=O)C1=CC(=O)C=CC1=O.C=C(C=COC)OC>>COC(=O)C12CC(OC)=CC(OC)C1C(=O)C=CC2=O,0,0.0
358,1908,358,COC(=O)C1=CC(=O)C=CC1=O.C=C(C=COC)OC,COC(=O)C1=CC(=O)C2C(OC)C=C(OC)CC2C1=O,Benzene,COC(=O)C1=CC(=O)C=CC1=O.C=C(C=COC)OC>>COC(=O)C1=CC(=O)C2C(OC)C=C(OC)CC2C1=O,0,0.0
359,1909,359,CS(=O)(=O)C1=CC=C(S(C)(=O)=O)S1(=O)=O.C1=CCC=C1,CS(=O)(=O)C1=CC2C3C=CC(C3)C2(S(C)(=O)=O)S1(=O)=O,CH2Cl2,CS(=O)(=O)C1=CC=C(S(C)(=O)=O)S1(=O)=O.C1=CCC=C1>>CS(=O)(=O)C1=CC2C3C=CC(C3)C2(S(C)(=O)=O)S1(=O)=O,1,0.0
360,1909,360,CS(=O)(=O)C1=CC=C(S(C)(=O)=O)S1(=O)=O.C1=CCC=C1,CS(=O)(=O)C12C=CC(S(C)(=O)=O)(C3CC=CC31)S2(=O)=O,CH2Cl2,CS(=O)(=O)C1=CC=C(S(C)(=O)=O)S1(=O)=O.C1=CCC=C1>>CS(=O)(=O)C12C=CC(S(C)(=O)=O)(C3CC=CC31)S2(=O)=O,0,0.0
361,1918,361,O=C1C=C(Br)C(=O)C=C1Br.C=C(C)C=CCCC=C(C)C,CC(C)=CCCC1C=C(C)CC2(Br)C(=O)C=C(Br)C(=O)C12,Toluene,O=C1C=C(Br)C(=O)C=C1Br.C=C(C)C=CCCC=C(C)C>>CC(C)=CCCC1C=C(C)CC2(Br)C(=O)C=C(Br)C(=O)C12,0,0.0
362,1918,362,O=C1C=C(Br)C(=O)C=C1Br.C=C(C)C=CCCC=C(C)C,CC(C)=CCCC1C=C(C)CC2C(=O)C(Br)=CC(=O)C12Br,Toluene,O=C1C=C(Br)C(=O)C=C1Br.C=C(C)C=CCCC=C(C)C>>CC(C)=CCCC1C=C(C)CC2C(=O)C(Br)=CC(=O)C12Br,1,0.0
363,1924,363,C1=CCC=C1.O=C1C=CCCC2C3C=CC(C3)C12,O=C1C2C3C=CC(C3)C2CCC2C3C=CC(C3)C12,Toluene,C1=CCC=C1.O=C1C=CCCC2C3C=CC(C3)C12>>O=C1C2C3C=CC(C3)C2CCC2C3C=CC(C3)C12,1,0.0
364,1924,364,C1=CCC=C1.O=C1C=CCCC2C3C=CC(C3)C12,O=C1C=CCCC2C3CC(C12)C1C2C=CC(C2)C31,Toluene,C1=CCC=C1.O=C1C=CCCC2C3C=CC(C3)C12>>O=C1C=CCCC2C3CC(C12)C1C2C=CC(C2)C31,0,0.0
365,2032,365,N#CC1=C([N+](=O)[O-])CCC1.C=C(C=COC)O[Si](C)(C)C(C)(C)C,COC1C=C(O[Si](C)(C)C(C)(C)C)CC2(C#N)CCCC12[N+](=O)[O-],Toluene,N#CC1=C([N+](=O)[O-])CCC1.C=C(C=COC)O[Si](C)(C)C(C)(C)C>>COC1C=C(O[Si](C)(C)C(C)(C)C)CC2(C#N)CCCC12[N+](=O)[O-],1,0.0
366,2032,366,N#CC1=C([N+](=O)[O-])CCC1.C=C(C=COC)O[Si](C)(C)C(C)(C)C,COC1C=C(O[Si](C)(C)C(C)(C)C)CC2([N+](=O)[O-])CCCC12C#N,Toluene,N#CC1=C([N+](=O)[O-])CCC1.C=C(C=COC)O[Si](C)(C)C(C)(C)C>>COC1C=C(O[Si](C)(C)C(C)(C)C)CC2([N+](=O)[O-])CCCC12C#N,0,0.0
367,2065,367,CC12C=CC=CN1C=CC2=O.C=CC=O,CC12C(=O)C=CN1C1C=CC2C(C=O)C1,Benzene,CC12C=CC=CN1C=CC2=O.C=CC=O>>CC12C(=O)C=CN1C1C=CC2C(C=O)C1,0,0.0
368,2065,368,CC12C=CC=CN1C=CC2=O.C=CC=O,CC12C(=O)C=CN1C1C=CC2CC1C=O,Benzene,CC12C=CC=CN1C=CC2=O.C=CC=O>>CC12C(=O)C=CN1C1C=CC2CC1C=O,1,0.0
369,2073,369,CC1=C(C)C(=O)C=CC1=O.C=CC(=C)C,CC1=CCC2(C)C(=O)C=CC(=O)C2(C)C1,Benzene,CC1=C(C)C(=O)C=CC1=O.C=CC(=C)C>>CC1=CCC2(C)C(=O)C=CC(=O)C2(C)C1,0,0.0
370,2073,370,CC1=C(C)C(=O)C=CC1=O.C=CC(=C)C,CC1=CCC2C(=O)C(C)=C(C)C(=O)C2C1,Benzene,CC1=C(C)C(=O)C=CC1=O.C=CC(=C)C>>CC1=CCC2C(=O)C(C)=C(C)C(=O)C2C1,1,0.0
371,2086,371,C=Cc1ccccc1.CC(C)(C)C1=CC(=O)C(=O)C=C1,CC(C)(C)C1=CC2C(=O)C(=O)C1CC2c1ccccc1,Acetonitrile,C=Cc1ccccc1.CC(C)(C)C1=CC(=O)C(=O)C=C1>>CC(C)(C)C1=CC2C(=O)C(=O)C1CC2c1ccccc1,0,0.0
372,2086,372,C=Cc1ccccc1.CC(C)(C)C1=CC(=O)C(=O)C=C1,CC(C)(C)C1=CC2CC(c3ccccc3)C1C(=O)C2=O,Acetonitrile,C=Cc1ccccc1.CC(C)(C)C1=CC(=O)C(=O)C=C1>>CC(C)(C)C1=CC2CC(c3ccccc3)C1C(=O)C2=O,1,0.0
373,2105,373,C1=CCC=C1.CC1(C)CC(O)C2=C(S1)C(=O)C=CC2=O,CC1(C)CC(O)C2=C(S1)C(=O)C1C3C=CC(C3)C1C2=O,CH2Cl2,C1=CCC=C1.CC1(C)CC(O)C2=C(S1)C(=O)C=CC2=O>>CC1(C)CC(O)C2=C(S1)C(=O)C1C3C=CC(C3)C1C2=O,1,0.0
374,2105,374,C1=CCC=C1.CC1(C)CC(O)C2=C(S1)C(=O)C=CC2=O,CC1(C)CC(O)C23C(=O)C=CC(=O)C2(S1)C1C=CC3C1,CH2Cl2,C1=CCC=C1.CC1(C)CC(O)C2=C(S1)C(=O)C=CC2=O>>CC1(C)CC(O)C23C(=O)C=CC(=O)C2(S1)C1C=CC3C1,0,0.0
375,2145,375,CS(=O)(=O)C1=CC=C(S(C)(=O)=O)S1(=O)=O.C=CC=CC,CC1C=CCC2(S(C)(=O)=O)C1C=C(S(C)(=O)=O)S2(=O)=O,CH2Cl2,CS(=O)(=O)C1=CC=C(S(C)(=O)=O)S1(=O)=O.C=CC=CC>>CC1C=CCC2(S(C)(=O)=O)C1C=C(S(C)(=O)=O)S2(=O)=O,1,0.0
376,2145,376,CS(=O)(=O)C1=CC=C(S(C)(=O)=O)S1(=O)=O.C=CC=CC,C=CC1C(C)C2(S(C)(=O)=O)C=CC1(S(C)(=O)=O)S2(=O)=O,CH2Cl2,CS(=O)(=O)C1=CC=C(S(C)(=O)=O)S1(=O)=O.C=CC=CC>>C=CC1C(C)C2(S(C)(=O)=O)C=CC1(S(C)(=O)=O)S2(=O)=O,0,0.0
377,2145,377,CS(=O)(=O)C1=CC=C(S(C)(=O)=O)S1(=O)=O.C=CC=CC,CC=CC1CC2(S(C)(=O)=O)C=CC1(S(C)(=O)=O)S2(=O)=O,CH2Cl2,CS(=O)(=O)C1=CC=C(S(C)(=O)=O)S1(=O)=O.C=CC=CC>>CC=CC1CC2(S(C)(=O)=O)C=CC1(S(C)(=O)=O)S2(=O)=O,0,0.0
378,2145,378,CS(=O)(=O)C1=CC=C(S(C)(=O)=O)S1(=O)=O.C=CC=CC,CC1C=CCC2C=C(S(C)(=O)=O)S(=O)(=O)C12S(C)(=O)=O,CH2Cl2,CS(=O)(=O)C1=CC=C(S(C)(=O)=O)S1(=O)=O.C=CC=CC>>CC1C=CCC2C=C(S(C)(=O)=O)S(=O)(=O)C12S(C)(=O)=O,0,0.0
379,2146,379,CCC1=CC(=O)C=CC1=O.C1=CCC=C1,CCC12C(=O)C=CC(=O)C1C1C=CC2C1,Methanol,CCC1=CC(=O)C=CC1=O.C1=CCC=C1>>CCC12C(=O)C=CC(=O)C1C1C=CC2C1,0,0.0
380,2146,380,CCC1=CC(=O)C=CC1=O.C1=CCC=C1,CCC1=CC(=O)C2C3C=CC(C3)C2C1=O,Methanol,CCC1=CC(=O)C=CC1=O.C1=CCC=C1>>CCC1=CC(=O)C2C3C=CC(C3)C2C1=O,1,0.0
381,2194,381,C=CC1=CCCc2cc(OC)ccc21.CC1=CC(=O)C(C)=CC1=O,COc1ccc2c(c1)CCC1C2=CCC2C(=O)C(C)=CC(=O)C21C,Toluene,C=CC1=CCCc2cc(OC)ccc21.CC1=CC(=O)C(C)=CC1=O>>COc1ccc2c(c1)CCC1C2=CCC2C(=O)C(C)=CC(=O)C21C,0,0.0
382,2194,382,C=CC1=CCCc2cc(OC)ccc21.CC1=CC(=O)C(C)=CC1=O,COc1ccc2c(c1)CCC1C2=CCC2(C)C(=O)C=C(C)C(=O)C12,Toluene,C=CC1=CCCc2cc(OC)ccc21.CC1=CC(=O)C(C)=CC1=O>>COc1ccc2c(c1)CCC1C2=CCC2(C)C(=O)C=C(C)C(=O)C12,1,0.0
383,2244,383,C=CCCC12C=CC=CN1C=CC2=O.C=CC=O,C=CCCC12C(=O)C=CN1C1C=CC2CC1C=O,Benzene,C=CCCC12C=CC=CN1C=CC2=O.C=CC=O>>C=CCCC12C(=O)C=CN1C1C=CC2CC1C=O,1,0.0
384,2244,384,C=CCCC12C=CC=CN1C=CC2=O.C=CC=O,C=CCCC12C(=O)C=CN1C1C=CC2C(C=O)C1,Benzene,C=CCCC12C=CC=CN1C=CC2=O.C=CC=O>>C=CCCC12C(=O)C=CN1C1C=CC2C(C=O)C1,0,0.0
385,2245,385,C=CCCC12C=CC=CN1C=CC2=O.C=C(Cl)C#N,C=CCCC12C(=O)C=CN1C1C=CC2C(Cl)(C#N)C1,Benzene,C=CCCC12C=CC=CN1C=CC2=O.C=C(Cl)C#N>>C=CCCC12C(=O)C=CN1C1C=CC2C(Cl)(C#N)C1,0,0.0
386,2245,386,C=CCCC12C=CC=CN1C=CC2=O.C=C(Cl)C#N,C=CCCC12C(=O)C=CN1C1C=CC2CC1(Cl)C#N,Benzene,C=CCCC12C=CC=CN1C=CC2=O.C=C(Cl)C#N>>C=CCCC12C(=O)C=CN1C1C=CC2CC1(Cl)C#N,1,0.0
387,2263,387,C1=CCC=C1.C[13C]1=[13CH]C(=O)C(Cl)=C(Cl)C1=O,C[13C]1=[13CH]C(=O)C2(Cl)C3C=CC(C3)C2(Cl)C1=O,Methanol,C1=CCC=C1.C[13C]1=[13CH]C(=O)C(Cl)=C(Cl)C1=O>>C[13C]1=[13CH]C(=O)C2(Cl)C3C=CC(C3)C2(Cl)C1=O,0,0.0
388,2263,388,C1=CCC=C1.C[13C]1=[13CH]C(=O)C(Cl)=C(Cl)C1=O,C[13C]12C(=O)C(Cl)=C(Cl)C(=O)[13CH]1C1C=CC2C1,Methanol,C1=CCC=C1.C[13C]1=[13CH]C(=O)C(Cl)=C(Cl)C1=O>>C[13C]12C(=O)C(Cl)=C(Cl)C(=O)[13CH]1C1C=CC2C1,1,0.0
389,2268,389,O=C1C=CC(=O)N1c1ccccc1.CC(C)=C1C=CC=C1,CC(C)=C1C2C=CC1C1C(=O)N(c3ccccc3)C(=O)C21,Ether,O=C1C=CC(=O)N1c1ccccc1.CC(C)=C1C=CC=C1>>CC(C)=C1C2C=CC1C1C(=O)N(c3ccccc3)C(=O)C21,1,0.0
390,2268,390,O=C1C=CC(=O)N1c1ccccc1.CC(C)=C1C=CC=C1,CC1(C)C2=CC(C=C2)C2C(=O)N(c3ccccc3)C(=O)C21,Ether,O=C1C=CC(=O)N1c1ccccc1.CC(C)=C1C=CC=C1>>CC1(C)C2=CC(C=C2)C2C(=O)N(c3ccccc3)C(=O)C21,0,0.0
391,2273,391,C=Cc1ccc(C)cc1.CC(C)(C)C1=CC(=O)C(=O)C=C1,Cc1ccc(C2CC3C(=O)C(=O)C2C=C3C(C)(C)C)cc1,Acetonitrile,C=Cc1ccc(C)cc1.CC(C)(C)C1=CC(=O)C(=O)C=C1>>Cc1ccc(C2CC3C(=O)C(=O)C2C=C3C(C)(C)C)cc1,0,0.0
392,2273,392,C=Cc1ccc(C)cc1.CC(C)(C)C1=CC(=O)C(=O)C=C1,Cc1ccc(C2CC3C=C(C(C)(C)C)C2C(=O)C3=O)cc1,Acetonitrile,C=Cc1ccc(C)cc1.CC(C)(C)C1=CC(=O)C(=O)C=C1>>Cc1ccc(C2CC3C=C(C(C)(C)C)C2C(=O)C3=O)cc1,1,0.0
393,2282,393,C=CC=COC.CC1(C)CC(=O)C(C#N)=CO1,COC1C=CCC2(C#N)C(=O)CC(C)(C)OC12,Toluene,C=CC=COC.CC1(C)CC(=O)C(C#N)=CO1>>COC1C=CCC2(C#N)C(=O)CC(C)(C)OC12,0,0.0
394,2282,394,C=CC=COC.CC1(C)CC(=O)C(C#N)=CO1,COC1C=CCC2OC(C)(C)CC(=O)C12C#N,Toluene,C=CC=COC.CC1(C)CC(=O)C(C#N)=CO1>>COC1C=CCC2OC(C)(C)CC(=O)C12C#N,1,0.0
395,2283,395,C=CC=COC.CC1(C)CC(=O)C(S(=O)(=O)c2ccccc2)=CO1,COC1C=CCC2(S(=O)(=O)c3ccccc3)C(=O)CC(C)(C)OC12,Toluene,C=CC=COC.CC1(C)CC(=O)C(S(=O)(=O)c2ccccc2)=CO1>>COC1C=CCC2(S(=O)(=O)c3ccccc3)C(=O)CC(C)(C)OC12,0,0.0
396,2283,396,C=CC=COC.CC1(C)CC(=O)C(S(=O)(=O)c2ccccc2)=CO1,COC1C=CCC2OC(C)(C)CC(=O)C12S(=O)(=O)c1ccccc1,Toluene,C=CC=COC.CC1(C)CC(=O)C(S(=O)(=O)c2ccccc2)=CO1>>COC1C=CCC2OC(C)(C)CC(=O)C12S(=O)(=O)c1ccccc1,1,0.0
397,2327,397,CS(=O)(=O)C1=CC=C(S(C)(=O)=O)S1(=O)=O.C1=CC2(C=C1)CC2,CS(=O)(=O)C12C=CC(S(C)(=O)=O)(C3C1C=CC31CC1)S2(=O)=O,THF,CS(=O)(=O)C1=CC=C(S(C)(=O)=O)S1(=O)=O.C1=CC2(C=C1)CC2>>CS(=O)(=O)C12C=CC(S(C)(=O)=O)(C3C1C=CC31CC1)S2(=O)=O,0,0.0
398,2327,398,CS(=O)(=O)C1=CC=C(S(C)(=O)=O)S1(=O)=O.C1=CC2(C=C1)CC2,CS(=O)(=O)C1=CC2C3C=CC(C34CC4)C2(S(C)(=O)=O)S1(=O)=O,THF,CS(=O)(=O)C1=CC=C(S(C)(=O)=O)S1(=O)=O.C1=CC2(C=C1)CC2>>CS(=O)(=O)C1=CC2C3C=CC(C34CC4)C2(S(C)(=O)=O)S1(=O)=O,1,0.0
399,2329,399,C1=CC2(CC2)C(COCc2ccccc2)=C1.C=C(Cl)C#N,N#CC1(Cl)CC2(COCc3ccccc3)C=CC1C21CC1,Benzene,C1=CC2(CC2)C(COCc2ccccc2)=C1.C=C(Cl)C#N>>N#CC1(Cl)CC2(COCc3ccccc3)C=CC1C21CC1,0,0.0
400,2329,400,C1=CC2(CC2)C(COCc2ccccc2)=C1.C=C(Cl)C#N,N#CC1(Cl)CC2C=CC1(COCc1ccccc1)C21CC1,Benzene,C1=CC2(CC2)C(COCc2ccccc2)=C1.C=C(Cl)C#N>>N#CC1(Cl)CC2C=CC1(COCc1ccccc1)C21CC1,1,0.0
401,2334,401,CS(=O)(=O)C1=CS(=O)(=O)C(S(C)(=O)=O)=C1.C1=CCC=C1,CS(=O)(=O)C1=CC2(S(C)(=O)=O)C3CC=CC3C1S2(=O)=O,CH2Cl2,CS(=O)(=O)C1=CS(=O)(=O)C(S(C)(=O)=O)=C1.C1=CCC=C1>>CS(=O)(=O)C1=CC2(S(C)(=O)=O)C3CC=CC3C1S2(=O)=O,0,0.0
402,2334,402,CS(=O)(=O)C1=CS(=O)(=O)C(S(C)(=O)=O)=C1.C1=CCC=C1,CS(=O)(=O)C1=CC2(S(C)(=O)=O)C3C=CC(C3)C2S1(=O)=O,CH2Cl2,CS(=O)(=O)C1=CS(=O)(=O)C(S(C)(=O)=O)=C1.C1=CCC=C1>>CS(=O)(=O)C1=CC2(S(C)(=O)=O)C3C=CC(C3)C2S1(=O)=O,0,0.0
403,2334,403,CS(=O)(=O)C1=CS(=O)(=O)C(S(C)(=O)=O)=C1.C1=CCC=C1,CS(=O)(=O)C1=CS(=O)(=O)C2(S(C)(=O)=O)C3C=CC(C3)C12,CH2Cl2,CS(=O)(=O)C1=CS(=O)(=O)C(S(C)(=O)=O)=C1.C1=CCC=C1>>CS(=O)(=O)C1=CS(=O)(=O)C2(S(C)(=O)=O)C3C=CC(C3)C12,1,0.0
404,2334,404,CS(=O)(=O)C1=CS(=O)(=O)C(S(C)(=O)=O)=C1.C1=CCC=C1,CS(=O)(=O)C1=CC2(S(C)(=O)=O)C3C=CCC3C1S2(=O)=O,CH2Cl2,CS(=O)(=O)C1=CS(=O)(=O)C(S(C)(=O)=O)=C1.C1=CCC=C1>>CS(=O)(=O)C1=CC2(S(C)(=O)=O)C3C=CCC3C1S2(=O)=O,0,0.0
405,2335,405,C1=CCC=C1.CS(=O)(=O)C1=CC=C(Cl)S1(=O)=O,CS(=O)(=O)C12C3C=CC(C3)C1C=C(Cl)S2(=O)=O,CH2Cl2,C1=CCC=C1.CS(=O)(=O)C1=CC=C(Cl)S1(=O)=O>>CS(=O)(=O)C12C3C=CC(C3)C1C=C(Cl)S2(=O)=O,1,0.0
406,2335,406,C1=CCC=C1.CS(=O)(=O)C1=CC=C(Cl)S1(=O)=O,CS(=O)(=O)C1=CC2C3C=CC(C3)C2(Cl)S1(=O)=O,CH2Cl2,C1=CCC=C1.CS(=O)(=O)C1=CC=C(Cl)S1(=O)=O>>CS(=O)(=O)C1=CC2C3C=CC(C3)C2(Cl)S1(=O)=O,0,0.0
407,2335,407,C1=CCC=C1.CS(=O)(=O)C1=CC=C(Cl)S1(=O)=O,CS(=O)(=O)C12C=CC(Cl)(C3CC=CC31)S2(=O)=O,CH2Cl2,C1=CCC=C1.CS(=O)(=O)C1=CC=C(Cl)S1(=O)=O>>CS(=O)(=O)C12C=CC(Cl)(C3CC=CC31)S2(=O)=O,0,0.0
408,2335,408,C1=CCC=C1.CS(=O)(=O)C1=CC=C(Cl)S1(=O)=O,CS(=O)(=O)C12C=CC(Cl)(C3C=CCC31)S2(=O)=O,CH2Cl2,C1=CCC=C1.CS(=O)(=O)C1=CC=C(Cl)S1(=O)=O>>CS(=O)(=O)C12C=CC(Cl)(C3C=CCC31)S2(=O)=O,0,0.0
409,2340,409,CC(=O)C1=C(Cl)C(=O)C=CC1=O.C1=CCC=C1,CC(=O)C12C(=O)C=CC(=O)C1(Cl)C1C=CC2C1,CH2Cl2,CC(=O)C1=C(Cl)C(=O)C=CC1=O.C1=CCC=C1>>CC(=O)C12C(=O)C=CC(=O)C1(Cl)C1C=CC2C1,0,0.0
410,2340,410,CC(=O)C1=C(Cl)C(=O)C=CC1=O.C1=CCC=C1,CC(=O)C1=C(Cl)C(=O)C2C3C=CC(C3)C2C1=O,CH2Cl2,CC(=O)C1=C(Cl)C(=O)C=CC1=O.C1=CCC=C1>>CC(=O)C1=C(Cl)C(=O)C2C3C=CC(C3)C2C1=O,1,0.0
411,2341,411,CC(=O)C1=C(Cl)C(=O)C=CC1=O.C1=CCCC=C1,CC(=O)C1=C(Cl)C(=O)C2C3C=CC(CC3)C2C1=O,CH2Cl2,CC(=O)C1=C(Cl)C(=O)C=CC1=O.C1=CCCC=C1>>CC(=O)C1=C(Cl)C(=O)C2C3C=CC(CC3)C2C1=O,1,0.0
412,2341,412,CC(=O)C1=C(Cl)C(=O)C=CC1=O.C1=CCCC=C1,CC(=O)C12C(=O)C=CC(=O)C1(Cl)C1C=CC2CC1,CH2Cl2,CC(=O)C1=C(Cl)C(=O)C=CC1=O.C1=CCCC=C1>>CC(=O)C12C(=O)C=CC(=O)C1(Cl)C1C=CC2CC1,0,0.0
413,2426,413,C=CC(=O)N(C)C.C=CC(=Cc1ccccc1)N1CCOC1=O,CN(C)C(=O)C1CCC=C(N2CCOC2=O)C1c1ccccc1,Toluene,C=CC(=O)N(C)C.C=CC(=Cc1ccccc1)N1CCOC1=O>>CN(C)C(=O)C1CCC=C(N2CCOC2=O)C1c1ccccc1,1,0.0
414,2426,414,C=CC(=O)N(C)C.C=CC(=Cc1ccccc1)N1CCOC1=O,CN(C)C(=O)C1CC=C(N2CCOC2=O)C(c2ccccc2)C1,Toluene,C=CC(=O)N(C)C.C=CC(=Cc1ccccc1)N1CCOC1=O>>CN(C)C(=O)C1CC=C(N2CCOC2=O)C(c2ccccc2)C1,0,0.0
415,2430,415,O=C1C=CC(=O)O1.CC=C(C)C=CC=C(C)C,CC(C)=CC1C=C(C)C(C)C2C(=O)OC(=O)C12,THF,O=C1C=CC(=O)O1.CC=C(C)C=CC=C(C)C>>CC(C)=CC1C=C(C)C(C)C2C(=O)OC(=O)C12,1,0.0
416,2430,416,O=C1C=CC(=O)O1.CC=C(C)C=CC=C(C)C,CC=C(C)C1C=CC(C)(C)C2C(=O)OC(=O)C12,THF,O=C1C=CC(=O)O1.CC=C(C)C=CC=C(C)C>>CC=C(C)C1C=CC(C)(C)C2C(=O)OC(=O)C12,0,0.0
417,2436,417,COC1(OC)C2C=CC1C1C(=O)C=CC(=O)C12.C1=CCC=C1,COC1(OC)C2C3C(=O)C=CC(=O)C3C1C1C3C=CC(C3)C12,Toluene,COC1(OC)C2C=CC1C1C(=O)C=CC(=O)C12.C1=CCC=C1>>COC1(OC)C2C3C(=O)C=CC(=O)C3C1C1C3C=CC(C3)C12,0,0.0
418,2436,418,COC1(OC)C2C=CC1C1C(=O)C=CC(=O)C12.C1=CCC=C1,COC1(OC)C2C=CC1C1C(=O)C3C4C=CC(C4)C3C(=O)C12,Toluene,COC1(OC)C2C=CC1C1C(=O)C=CC(=O)C12.C1=CCC=C1>>COC1(OC)C2C=CC1C1C(=O)C3C4C=CC(C4)C3C(=O)C12,1,0.0
419,2476,419,C=C=CP(=O)(c1ccccc1)c1ccccc1.C1=CCC=C1,O=P(C=C1CC2C=CC1C2)(c1ccccc1)c1ccccc1,Toluene,C=C=CP(=O)(c1ccccc1)c1ccccc1.C1=CCC=C1>>O=P(C=C1CC2C=CC1C2)(c1ccccc1)c1ccccc1,0,0.0
420,2476,420,C=C=CP(=O)(c1ccccc1)c1ccccc1.C1=CCC=C1,C=C1C2C=CC(C2)C1P(=O)(c1ccccc1)c1ccccc1,Toluene,C=C=CP(=O)(c1ccccc1)c1ccccc1.C1=CCC=C1>>C=C1C2C=CC(C2)C1P(=O)(c1ccccc1)c1ccccc1,1,0.0
421,2490,421,C=C[N+](=O)[O-].CC=C(C)C=CCCO,CC1=CC(CCO)CC([N+](=O)[O-])C1C,Toluene,C=C[N+](=O)[O-].CC=C(C)C=CCCO>>CC1=CC(CCO)CC([N+](=O)[O-])C1C,0,0.0
422,2490,422,C=C[N+](=O)[O-].CC=C(C)C=CCCO,CC1=CC(CCO)C([N+](=O)[O-])CC1C,Toluene,C=C[N+](=O)[O-].CC=C(C)C=CCCO>>CC1=CC(CCO)C([N+](=O)[O-])CC1C,1,0.0
423,2542,423,COC1C=CC(=O)O1.C=CC=CO[Si](C)(C)C(C)(C)C,COC1OC(=O)C2C(O[Si](C)(C)C(C)(C)C)C=CCC12,Toluene,COC1C=CC(=O)O1.C=CC=CO[Si](C)(C)C(C)(C)C>>COC1OC(=O)C2C(O[Si](C)(C)C(C)(C)C)C=CCC12,1,0.0
424,2542,424,COC1C=CC(=O)O1.C=CC=CO[Si](C)(C)C(C)(C)C,COC1OC(=O)C2CC=CC(O[Si](C)(C)C(C)(C)C)C12,Toluene,COC1C=CC(=O)O1.C=CC=CO[Si](C)(C)C(C)(C)C>>COC1OC(=O)C2CC=CC(O[Si](C)(C)C(C)(C)C)C12,0,0.0
425,2572,425,O=C1C=CC1.C=C(C=CN(C)C)O[Si](C)(C)C(C)(C)C,CN(C)C1C=C(O[Si](C)(C)C(C)(C)C)CC2C(=O)CC21,CHCl3,O=C1C=CC1.C=C(C=CN(C)C)O[Si](C)(C)C(C)(C)C>>CN(C)C1C=C(O[Si](C)(C)C(C)(C)C)CC2C(=O)CC21,0,0.0
426,2572,426,O=C1C=CC1.C=C(C=CN(C)C)O[Si](C)(C)C(C)(C)C,CN(C)C1C=C(O[Si](C)(C)C(C)(C)C)CC2CC(=O)C21,CHCl3,O=C1C=CC1.C=C(C=CN(C)C)O[Si](C)(C)C(C)(C)C>>CN(C)C1C=C(O[Si](C)(C)C(C)(C)C)CC2CC(=O)C21,1,0.0
427,2575,427,CC=CC(=O)OC.C=C(C=CC)S(=O)c1ccc(C)cc1,COC(=O)C1C(C)C=C(S(=O)c2ccc(C)cc2)CC1C,CH2Cl2,CC=CC(=O)OC.C=C(C=CC)S(=O)c1ccc(C)cc1>>COC(=O)C1C(C)C=C(S(=O)c2ccc(C)cc2)CC1C,1,0.0
428,2575,428,CC=CC(=O)OC.C=C(C=CC)S(=O)c1ccc(C)cc1,COC(=O)C1CC(S(=O)c2ccc(C)cc2)=CC(C)C1C,CH2Cl2,CC=CC(=O)OC.C=C(C=CC)S(=O)c1ccc(C)cc1>>COC(=O)C1CC(S(=O)c2ccc(C)cc2)=CC(C)C1C,0,0.0
429,2584,429,CC1=CC(=O)OC1=O.CC=C(C)C=CC=C(C)C,CC(C)=CC1C=C(C)C(C)C2(C)C(=O)OC(=O)C12,THF,CC1=CC(=O)OC1=O.CC=C(C)C=CC=C(C)C>>CC(C)=CC1C=C(C)C(C)C2(C)C(=O)OC(=O)C12,0,0.0
430,2584,430,CC1=CC(=O)OC1=O.CC=C(C)C=CC=C(C)C,CC=C(C)C1C=CC(C)(C)C2(C)C(=O)OC(=O)C12,THF,CC1=CC(=O)OC1=O.CC=C(C)C=CC=C(C)C>>CC=C(C)C1C=CC(C)(C)C2(C)C(=O)OC(=O)C12,0,0.0
431,2584,431,CC1=CC(=O)OC1=O.CC=C(C)C=CC=C(C)C,CC=C(C)C1C=CC(C)(C)C2C(=O)OC(=O)C12C,THF,CC1=CC(=O)OC1=O.CC=C(C)C=CC=C(C)C>>CC=C(C)C1C=CC(C)(C)C2C(=O)OC(=O)C12C,0,0.0
432,2584,432,CC1=CC(=O)OC1=O.CC=C(C)C=CC=C(C)C,CC(C)=CC1C=C(C)C(C)C2C(=O)OC(=O)C12C,THF,CC1=CC(=O)OC1=O.CC=C(C)C=CC=C(C)C>>CC(C)=CC1C=C(C)C(C)C2C(=O)OC(=O)C12C,1,0.0
433,2619,433,C=CC=COC.CCOC(=O)C1=COC(C)(C)CC1=O,CCOC(=O)C12CC=CC(OC)C1OC(C)(C)CC2=O,Toluene,C=CC=COC.CCOC(=O)C1=COC(C)(C)CC1=O>>CCOC(=O)C12CC=CC(OC)C1OC(C)(C)CC2=O,0,0.0
434,2619,434,C=CC=COC.CCOC(=O)C1=COC(C)(C)CC1=O,CCOC(=O)C12C(=O)CC(C)(C)OC1CC=CC2OC,Toluene,C=CC=COC.CCOC(=O)C1=COC(C)(C)CC1=O>>CCOC(=O)C12C(=O)CC(C)(C)OC1CC=CC2OC,1,0.0
435,2620,435,C=CC(=O)OC.C=CC=CN(C(=O)CC)C(C)C,CCC(=O)N(C(C)C)C1C=CCCC1C(=O)OC,Toluene,C=CC(=O)OC.C=CC=CN(C(=O)CC)C(C)C>>CCC(=O)N(C(C)C)C1C=CCCC1C(=O)OC,1,0.0
436,2620,436,C=CC(=O)OC.C=CC=CN(C(=O)CC)C(C)C,CCC(=O)N(C(C)C)C1C=CCC(C(=O)OC)C1,Toluene,C=CC(=O)OC.C=CC=CN(C(=O)CC)C(C)C>>CCC(=O)N(C(C)C)C1C=CCC(C(=O)OC)C1,0,0.0
437,2692,437,C=CC1=CCCc2cc(OC)ccc21.COC(=O)C1=CCCC1=O,COC(=O)C12CC=C3c4ccc(OC)cc4CCC3C1CCC2=O,CH2Cl2,C=CC1=CCCc2cc(OC)ccc21.COC(=O)C1=CCCC1=O>>COC(=O)C12CC=C3c4ccc(OC)cc4CCC3C1CCC2=O,1,0.0
438,2692,438,C=CC1=CCCc2cc(OC)ccc21.COC(=O)C1=CCCC1=O,COC(=O)C12C(=O)CCC1CC=C1c3ccc(OC)cc3CCC12,CH2Cl2,C=CC1=CCCc2cc(OC)ccc21.COC(=O)C1=CCCC1=O>>COC(=O)C12C(=O)CCC1CC=C1c3ccc(OC)cc3CCC12,0,0.0
439,2891,439,O=S1(=O)C=Cc2ccccc21.C=CC(=C)O[Si](C)(C)C,C[Si](C)(C)OC1=CCC2c3ccccc3S(=O)(=O)C2C1,CHCl3,O=S1(=O)C=Cc2ccccc21.C=CC(=C)O[Si](C)(C)C>>C[Si](C)(C)OC1=CCC2c3ccccc3S(=O)(=O)C2C1,0,0.0
440,2891,440,O=S1(=O)C=Cc2ccccc21.C=CC(=C)O[Si](C)(C)C,C[Si](C)(C)OC1=CCC2C(C1)c1ccccc1S2(=O)=O,CHCl3,O=S1(=O)C=Cc2ccccc21.C=CC(=C)O[Si](C)(C)C>>C[Si](C)(C)OC1=CCC2C(C1)c1ccccc1S2(=O)=O,1,0.0
441,2902,441,O=C1C=CC1.C=CC(=C)O[Si](C)(C)C(C)(C)C,CC(C)(C)[Si](C)(C)OC1=CCC2C(=O)CC2C1,CHCl3,O=C1C=CC1.C=CC(=C)O[Si](C)(C)C(C)(C)C>>CC(C)(C)[Si](C)(C)OC1=CCC2C(=O)CC2C1,1,0.0
442,2902,442,O=C1C=CC1.C=CC(=C)O[Si](C)(C)C(C)(C)C,CC(C)(C)[Si](C)(C)OC1=CCC2CC(=O)C2C1,CHCl3,O=C1C=CC1.C=CC(=C)O[Si](C)(C)C(C)(C)C>>CC(C)(C)[Si](C)(C)OC1=CCC2CC(=O)C2C1,0,0.0
443,3104,443,CC(C)=C1C=CC=C1.N#CC(C#N)=C(C#N)C#N,CC(C)=C1C2C=CC1C(C#N)(C#N)C2(C#N)C#N,Acetone,CC(C)=C1C=CC=C1.N#CC(C#N)=C(C#N)C#N>>CC(C)=C1C2C=CC1C(C#N)(C#N)C2(C#N)C#N,1,0.0
444,3104,444,CC(C)=C1C=CC=C1.N#CC(C#N)=C(C#N)C#N,CC1(C)C2=CC(C=C2)C(C#N)(C#N)C1(C#N)C#N,Acetone,CC(C)=C1C=CC=C1.N#CC(C#N)=C(C#N)C#N>>CC1(C)C2=CC(C=C2)C(C#N)(C#N)C1(C#N)C#N,0,0.0
445,3133,445,C=C(C)C=O.C=C(C=CN1CCOC1=O)O[Si](C)(C)C(C)(C)C,CC1(C=O)CC(O[Si](C)(C)C(C)(C)C)=CC(N2CCOC2=O)C1,Toluene,C=C(C)C=O.C=C(C=CN1CCOC1=O)O[Si](C)(C)C(C)(C)C>>CC1(C=O)CC(O[Si](C)(C)C(C)(C)C)=CC(N2CCOC2=O)C1,0,0.0
446,3133,446,C=C(C)C=O.C=C(C=CN1CCOC1=O)O[Si](C)(C)C(C)(C)C,CC1(C=O)CCC(O[Si](C)(C)C(C)(C)C)=CC1N1CCOC1=O,Toluene,C=C(C)C=O.C=C(C=CN1CCOC1=O)O[Si](C)(C)C(C)(C)C>>CC1(C=O)CCC(O[Si](C)(C)C(C)(C)C)=CC1N1CCOC1=O,1,0.0
447,3139,447,C1=CCC=C1.ClC1=C(Cl)C2(Cl)C3C4C=CC(O4)C3C1(Cl)C2(Cl)Cl,ClC1=C(Cl)C2(Cl)C3C4OC(C5C6C=CC(C6)C45)C3C1(Cl)C2(Cl)Cl,CHCl3,C1=CCC=C1.ClC1=C(Cl)C2(Cl)C3C4C=CC(O4)C3C1(Cl)C2(Cl)Cl>>ClC1=C(Cl)C2(Cl)C3C4OC(C5C6C=CC(C6)C45)C3C1(Cl)C2(Cl)Cl,1,0.0
448,3139,448,C1=CCC=C1.ClC1=C(Cl)C2(Cl)C3C4C=CC(O4)C3C1(Cl)C2(Cl)Cl,ClC1(Cl)C2(Cl)C3C4C=CC(O4)C3C1(Cl)C1(Cl)C3C=CC(C3)C21Cl,CHCl3,C1=CCC=C1.ClC1=C(Cl)C2(Cl)C3C4C=CC(O4)C3C1(Cl)C2(Cl)Cl>>ClC1(Cl)C2(Cl)C3C4C=CC(O4)C3C1(Cl)C1(Cl)C3C=CC(C3)C21Cl,0,0.0
449,3337,449,C1=CCC=C1.C=C(C)CCCC1=CC(=O)OC1=O,CC1(CCCC2=CC(=O)OC2=O)CC2C=CC1C2,Toluene,C1=CCC=C1.C=C(C)CCCC1=CC(=O)OC1=O>>CC1(CCCC2=CC(=O)OC2=O)CC2C=CC1C2,0,0.0
450,3337,450,C1=CCC=C1.C=C(C)CCCC1=CC(=O)OC1=O,C=C(C)CCCC12C(=O)OC(=O)C1C1C=CC2C1,Toluene,C1=CCC=C1.C=C(C)CCCC1=CC(=O)OC1=O>>C=C(C)CCCC12C(=O)OC(=O)C1C1C=CC2C1,1,0.0
451,3359,451,C1=CCC=C1.COC1(OC)C(Cl)=C(Cl)C(Cl)=C1Cl,COC1(OC)C(Cl)=C(Cl)C2(Cl)C3C=CC(C3)C12Cl,Toluene,C1=CCC=C1.COC1(OC)C(Cl)=C(Cl)C(Cl)=C1Cl>>COC1(OC)C(Cl)=C(Cl)C2(Cl)C3C=CC(C3)C12Cl,0,0.0
452,3359,452,C1=CCC=C1.COC1(OC)C(Cl)=C(Cl)C(Cl)=C1Cl,COC1(OC)C2(Cl)C(Cl)=C(Cl)C1(Cl)C1CC=CC12,Toluene,C1=CCC=C1.COC1(OC)C(Cl)=C(Cl)C(Cl)=C1Cl>>COC1(OC)C2(Cl)C(Cl)=C(Cl)C1(Cl)C1CC=CC12,1,0.0
453,3441,453,C=CC=CC.O=[N+]([O-])C=CS(=O)(=O)c1ccccc1,CC1C=CCC(S(=O)(=O)c2ccccc2)C1[N+](=O)[O-],Toluene,C=CC=CC.O=[N+]([O-])C=CS(=O)(=O)c1ccccc1>>CC1C=CCC(S(=O)(=O)c2ccccc2)C1[N+](=O)[O-],1,0.0
454,3441,454,C=CC=CC.O=[N+]([O-])C=CS(=O)(=O)c1ccccc1,CC1C=CCC([N+](=O)[O-])C1S(=O)(=O)c1ccccc1,Toluene,C=CC=CC.O=[N+]([O-])C=CS(=O)(=O)c1ccccc1>>CC1C=CCC([N+](=O)[O-])C1S(=O)(=O)c1ccccc1,0,0.0
455,3453,455,C=C(C)C=O.C=C(C=CN(C)C)O[Si](C)(C)C(C)(C)C,CN(C)C1C=C(O[Si](C)(C)C(C)(C)C)CC(C)(C=O)C1,Ether,C=C(C)C=O.C=C(C=CN(C)C)O[Si](C)(C)C(C)(C)C>>CN(C)C1C=C(O[Si](C)(C)C(C)(C)C)CC(C)(C=O)C1,0,0.0
456,3453,456,C=C(C)C=O.C=C(C=CN(C)C)O[Si](C)(C)C(C)(C)C,CN(C)C1C=C(O[Si](C)(C)C(C)(C)C)CCC1(C)C=O,Ether,C=C(C)C=O.C=C(C=CN(C)C)O[Si](C)(C)C(C)(C)C>>CN(C)C1C=C(O[Si](C)(C)C(C)(C)C)CCC1(C)C=O,1,0.0
457,3455,457,CC1(C)OC(=O)C(=Cc2ccc(Cl)cc2)C(=O)O1.C=CC(=C)C,CC1=CCC2(C(=O)OC(C)(C)OC2=O)C(c2ccc(Cl)cc2)C1,CHCl3,CC1(C)OC(=O)C(=Cc2ccc(Cl)cc2)C(=O)O1.C=CC(=C)C>>CC1=CCC2(C(=O)OC(C)(C)OC2=O)C(c2ccc(Cl)cc2)C1,1,0.0
458,3455,458,CC1(C)OC(=O)C(=Cc2ccc(Cl)cc2)C(=O)O1.C=CC(=C)C,CC1=CCC(c2ccc(Cl)cc2)C2(C1)C(=O)OC(C)(C)OC2=O,CHCl3,CC1(C)OC(=O)C(=Cc2ccc(Cl)cc2)C(=O)O1.C=CC(=C)C>>CC1=CCC(c2ccc(Cl)cc2)C2(C1)C(=O)OC(C)(C)OC2=O,0,0.0
459,3456,459,CC1(C)OC(=O)C(=Cc2ccc(Br)cc2)C(=O)O1.C=CC(=C)C,CC1=CCC(c2ccc(Br)cc2)C2(C1)C(=O)OC(C)(C)OC2=O,CHCl3,CC1(C)OC(=O)C(=Cc2ccc(Br)cc2)C(=O)O1.C=CC(=C)C>>CC1=CCC(c2ccc(Br)cc2)C2(C1)C(=O)OC(C)(C)OC2=O,0,0.0
460,3456,460,CC1(C)OC(=O)C(=Cc2ccc(Br)cc2)C(=O)O1.C=CC(=C)C,CC1=CCC2(C(=O)OC(C)(C)OC2=O)C(c2ccc(Br)cc2)C1,CHCl3,CC1(C)OC(=O)C(=Cc2ccc(Br)cc2)C(=O)O1.C=CC(=C)C>>CC1=CCC2(C(=O)OC(C)(C)OC2=O)C(c2ccc(Br)cc2)C1,1,0.0
461,3457,461,CC1(C)OC(=O)C(=Cc2ccccc2)C(=O)O1.C=CC(=C)C,CC1=CCC2(C(=O)OC(C)(C)OC2=O)C(c2ccccc2)C1,CHCl3,CC1(C)OC(=O)C(=Cc2ccccc2)C(=O)O1.C=CC(=C)C>>CC1=CCC2(C(=O)OC(C)(C)OC2=O)C(c2ccccc2)C1,1,0.0
462,3457,462,CC1(C)OC(=O)C(=Cc2ccccc2)C(=O)O1.C=CC(=C)C,CC1=CCC(c2ccccc2)C2(C1)C(=O)OC(C)(C)OC2=O,CHCl3,CC1(C)OC(=O)C(=Cc2ccccc2)C(=O)O1.C=CC(=C)C>>CC1=CCC(c2ccccc2)C2(C1)C(=O)OC(C)(C)OC2=O,0,0.0
463,3458,463,CC(C)C=C1C(=O)OC(C)(C)OC1=O.C=CC(=C)C,CC1=CCC2(C(=O)OC(C)(C)OC2=O)C(C(C)C)C1,CHCl3,CC(C)C=C1C(=O)OC(C)(C)OC1=O.C=CC(=C)C>>CC1=CCC2(C(=O)OC(C)(C)OC2=O)C(C(C)C)C1,1,0.0
464,3458,464,CC(C)C=C1C(=O)OC(C)(C)OC1=O.C=CC(=C)C,CC1=CCC(C(C)C)C2(C1)C(=O)OC(C)(C)OC2=O,CHCl3,CC(C)C=C1C(=O)OC(C)(C)OC1=O.C=CC(=C)C>>CC1=CCC(C(C)C)C2(C1)C(=O)OC(C)(C)OC2=O,0,0.0
465,3465,465,CC(C)=C1C=CC=C1.N#CC(C#N)=C(C(F)(F)F)C(F)(F)F,CC(C)=C1C2C=CC1C(C(F)(F)F)(C(F)(F)F)C2(C#N)C#N,n-Hexane,CC(C)=C1C=CC=C1.N#CC(C#N)=C(C(F)(F)F)C(F)(F)F>>CC(C)=C1C2C=CC1C(C(F)(F)F)(C(F)(F)F)C2(C#N)C#N,1,0.0
466,3465,466,CC(C)=C1C=CC=C1.N#CC(C#N)=C(C(F)(F)F)C(F)(F)F,CC1(C)C2=CC(C=C2)C(C#N)(C#N)C1(C(F)(F)F)C(F)(F)F,n-Hexane,CC(C)=C1C=CC=C1.N#CC(C#N)=C(C(F)(F)F)C(F)(F)F>>CC1(C)C2=CC(C=C2)C(C#N)(C#N)C1(C(F)(F)F)C(F)(F)F,0,0.0
467,3465,467,CC(C)=C1C=CC=C1.N#CC(C#N)=C(C(F)(F)F)C(F)(F)F,CC1(C)C2=CC(C=C2)C(C(F)(F)F)(C(F)(F)F)C1(C#N)C#N,n-Hexane,CC(C)=C1C=CC=C1.N#CC(C#N)=C(C(F)(F)F)C(F)(F)F>>CC1(C)C2=CC(C=C2)C(C(F)(F)F)(C(F)(F)F)C1(C#N)C#N,0,0.0
468,3470,468,C1=CCC=C1.C=C(C)CCC1=CC(=O)OC1=O,CC1(CCC2=CC(=O)OC2=O)CC2C=CC1C2,Toluene,C1=CCC=C1.C=C(C)CCC1=CC(=O)OC1=O>>CC1(CCC2=CC(=O)OC2=O)CC2C=CC1C2,0,0.0
469,3470,469,C1=CCC=C1.C=C(C)CCC1=CC(=O)OC1=O,C=C(C)CCC12C(=O)OC(=O)C1C1C=CC2C1,Toluene,C1=CCC=C1.C=C(C)CCC1=CC(=O)OC1=O>>C=C(C)CCC12C(=O)OC(=O)C1C1C=CC2C1,1,0.0
470,3510,470,N#CC1=C(C#N)C(=O)C=CC1=O.C1=CCC=C1,N#CC12C(=O)C=CC(=O)C1(C#N)C1C=CC2C1,Methanol,N#CC1=C(C#N)C(=O)C=CC1=O.C1=CCC=C1>>N#CC12C(=O)C=CC(=O)C1(C#N)C1C=CC2C1,1,0.0
471,3510,471,N#CC1=C(C#N)C(=O)C=CC1=O.C1=CCC=C1,N#CC1=C(C#N)C(=O)C2C3C=CC(C3)C2C1=O,Methanol,N#CC1=C(C#N)C(=O)C=CC1=O.C1=CCC=C1>>N#CC1=C(C#N)C(=O)C2C3C=CC(C3)C2C1=O,0,0.0
472,3798,472,COC(=O)C1=CC(C)(C)CCC1=O.C=CC(=C)C,COC(=O)C12CC(C)=CCC1C(C)(C)CCC2=O,Ether,COC(=O)C1=CC(C)(C)CCC1=O.C=CC(=C)C>>COC(=O)C12CC(C)=CCC1C(C)(C)CCC2=O,0,0.0
473,3798,473,COC(=O)C1=CC(C)(C)CCC1=O.C=CC(=C)C,COC(=O)C12CC=C(C)CC1C(C)(C)CCC2=O,Ether,COC(=O)C1=CC(C)(C)CCC1=O.C=CC(=C)C>>COC(=O)C12CC=C(C)CC1C(C)(C)CCC2=O,1,0.0
474,3904,474,C#CCC1(C)C=CC=C(C)C1=O.C=CC#N,C#CCC1(C)C(=O)C2(C)C=CC1C(C#N)C2,Benzene,C#CCC1(C)C=CC=C(C)C1=O.C=CC#N>>C#CCC1(C)C(=O)C2(C)C=CC1C(C#N)C2,1,0.0
475,3904,475,C#CCC1(C)C=CC=C(C)C1=O.C=CC#N,C#CCC1(C)C(=O)C2(C)C=CC1CC2C#N,Benzene,C#CCC1(C)C=CC=C(C)C1=O.C=CC#N>>C#CCC1(C)C(=O)C2(C)C=CC1CC2C#N,0,0.0
