,Unnamed: 0.1,Unnamed: 0,uid,reaction_idx,substrates,products,label,simulation_idx,barrier
2688,3,,2687,3,n1cccn1c1ncccn1.[Br+],Brc1cnn(-c2ncccn2)c1,1.0,1,-0.1205077071100007
2689,4,,2688,4,n1cccn1c1ncccn1.[Br+],Brc1ccnn1-c1ncccn1,0.0,1,-0.11145080732800139
2690,5,,2689,5,n1cccn1c1ncccn1.[Br+],Brc1ccnc(-n2cccn2)n1,0.0,1,-0.06524965225500168
2691,6,,2690,6,n1cccn1c1ncccn1.[Br+],Brc1cnc(-n2cccn2)nc1,0.0,1,-0.10119228768600053
2692,7,,2691,7,n1cccn1c1ncccn1.[Br+],Brc1ccn(-c2ncccn2)n1,0.0,1,-0.11130980360600162
2693,8,,2692,8,n1cccn1c1ncccn1.[Br+],Brc1ccnc(-n2cccn2)n1,0.0,1,-0.06524965225500168
2710,25,,2709,25,c1(cc(no1)c1ccccc1)c1ccc(cc1)OC.[Br+],COc1ccc(-c2cc(-c3cccc(Br)c3)no2)cc1,0.0,1,-0.11787655139300313
2711,26,,2710,26,c1(cc(no1)c1ccccc1)c1ccc(cc1)OC.[Br+],COc1ccc(-c2cc(-c3ccc(Br)cc3)no2)cc1,0.0,1,-0.1232656615310006
2712,27,,2711,27,c1(cc(no1)c1ccccc1)c1ccc(cc1)OC.[Br+],COc1ccc(-c2cc(-c3cccc(Br)c3)no2)cc1,0.0,1,-0.11787655139300313
2713,28,,2712,28,c1(cc(no1)c1ccccc1)c1ccc(cc1)OC.[Br+],COc1ccc(-c2cc(-c3ccccc3Br)no2)cc1,0.0,1,-0.12330937117700103
2714,29,,2713,29,c1(cc(no1)c1ccccc1)c1ccc(cc1)OC.[Br+],COc1ccc(-c2cc(-c3ccccc3)no2)cc1Br,0.0,1,-0.13018858251300003
2715,30,,2714,30,c1(cc(no1)c1ccccc1)c1ccc(cc1)OC.[Br+],COc1ccc(-c2cc(-c3ccccc3)no2)c(Br)c1,0.0,1,-0.11883295994800136
2716,31,,2715,31,c1(cc(no1)c1ccccc1)c1ccc(cc1)OC.[Br+],COc1ccc(-c2onc(-c3ccccc3)c2Br)cc1,1.0,1,-0.13944655114300275
2717,32,,2716,32,c1(cc(no1)c1ccccc1)c1ccc(cc1)OC.[Br+],COc1ccc(-c2cc(-c3ccccc3Br)no2)cc1,0.0,1,-0.12329714626500277
2718,33,,2717,33,c1(cc(no1)c1ccccc1)c1ccc(cc1)OC.[Br+],COc1ccc(-c2cc(-c3ccccc3)no2)c(Br)c1,0.0,1,-0.11885316246999622
2719,34,,2718,34,c1(cc(no1)c1ccccc1)c1ccc(cc1)OC.[Br+],COc1ccc(-c2cc(-c3ccccc3)no2)cc1Br,0.0,1,-0.130202910770997
2726,41,,2725,41,c1(cc(no1)c1c(cccc1)Cl)c1ccc(cc1)OC.[Br+],COc1ccc(-c2cc(-c3cccc(Br)c3Cl)no2)cc1,0.0,1,-0.11804388928599963
2727,42,,2726,42,c1(cc(no1)c1c(cccc1)Cl)c1ccc(cc1)OC.[Br+],COc1ccc(-c2cc(-c3ccc(Br)cc3Cl)no2)cc1,0.0,1,-0.11574510085500123
2728,43,,2727,43,c1(cc(no1)c1c(cccc1)Cl)c1ccc(cc1)OC.[Br+],COc1ccc(-c2cc(-c3cc(Br)ccc3Cl)no2)cc1,0.0,1,-0.11875183188200111
2729,44,,2728,44,c1(cc(no1)c1c(cccc1)Cl)c1ccc(cc1)OC.[Br+],COc1ccc(-c2cc(-c3c(Cl)cccc3Br)no2)cc1,0.0,1,-0.11591645914699455
2730,45,,2729,45,c1(cc(no1)c1c(cccc1)Cl)c1ccc(cc1)OC.[Br+],COc1ccc(-c2cc(-c3ccccc3Cl)no2)cc1Br,0.0,1,-0.1299521340949994
2731,46,,2730,46,c1(cc(no1)c1c(cccc1)Cl)c1ccc(cc1)OC.[Br+],COc1ccc(-c2cc(-c3ccccc3Cl)no2)c(Br)c1,0.0,1,-0.11764781661700141
2732,47,,2731,47,c1(cc(no1)c1c(cccc1)Cl)c1ccc(cc1)OC.[Br+],COc1ccc(-c2onc(-c3ccccc3Cl)c2Br)cc1,1.0,1,-0.1378842169850003
2733,48,,2732,48,c1(cc(no1)c1c(cccc1)Cl)c1ccc(cc1)OC.[Br+],COc1ccc(-c2cc(-c3ccccc3Cl)no2)c(Br)c1,0.0,1,-0.11851154237299966
2734,49,,2733,49,c1(cc(no1)c1c(cccc1)Cl)c1ccc(cc1)OC.[Br+],COc1ccc(-c2cc(-c3ccccc3Cl)no2)cc1Br,0.0,1,-0.1297067341980025
2745,60,,2744,60,c1(cc(ns1)c1ccc(cc1)OC)CO.[Br+],COc1ccc(-c2cc(CO)sn2)cc1Br,1.0,1,-0.13483595035499718
2746,61,,2745,61,c1(cc(ns1)c1ccc(cc1)OC)CO.[Br+],COc1ccc(-c2cc(CO)sn2)c(Br)c1,0.0,1,-0.12812157394900225
2747,62,,2746,62,c1(cc(ns1)c1ccc(cc1)OC)CO.[Br+],COc1ccc(-c2nsc(CO)c2Br)cc1,1.0,1,-0.1371678472520017
2748,63,,2747,63,c1(cc(ns1)c1ccc(cc1)OC)CO.[Br+],COc1ccc(-c2cc(CO)sn2)c(Br)c1,0.0,1,-0.12820056313600503
2749,64,,2748,64,c1(cc(ns1)c1ccc(cc1)OC)CO.[Br+],COc1ccc(-c2cc(CO)sn2)cc1Br,1.0,1,-0.1344586183779981
2755,70,,2754,70,c1ncc(n1C)c1ccccc1.[Br+],Cn1cncc1-c1cccc(Br)c1,0.0,1,-0.1187005483959993
2756,71,,2755,71,c1ncc(n1C)c1ccccc1.[Br+],Cn1cncc1-c1ccc(Br)cc1,0.0,1,-0.13205486806300115
2757,72,,2756,72,c1ncc(n1C)c1ccccc1.[Br+],Cn1cncc1-c1cccc(Br)c1,0.0,1,-0.1187094554859982
2758,73,,2757,73,c1ncc(n1C)c1ccccc1.[Br+],Cn1cncc1-c1ccccc1Br,0.0,1,-0.13051449638999912
2759,74,,2758,74,c1ncc(n1C)c1ccccc1.[Br+],Cn1c(-c2ccccc2)cnc1Br,0.0,1,-0.1386385851979952
2760,75,,2759,75,c1ncc(n1C)c1ccccc1.[Br+],Cn1cnc(Br)c1-c1ccccc1,1.0,1,-0.14477358420599984
2761,76,,2760,76,c1ncc(n1C)c1ccccc1.[Br+],Cn1cncc1-c1ccccc1Br,0.0,1,-0.13053392834199684
2762,77,,2761,77,c1ncc(n1C)c1cc(c(c(c1)OC)OC)OC.[Br+],COc1cc(-c2cnc(Br)n2C)cc(OC)c1OC,0.0,1,-0.1430778180979999
2763,78,,2762,78,c1ncc(n1C)c1cc(c(c(c1)OC)OC)OC.[Br+],COc1cc(-c2c(Br)ncn2C)cc(OC)c1OC,1.0,1,-0.15011308299600046
2764,79,,2763,79,c1ncc(n1C)c1cc(c(c(c1)OC)OC)OC.[Br+],COc1cc(-c2cncn2C)c(Br)c(OC)c1OC,1.0,1,-0.14964851038600102
2765,80,,2764,80,c1ncc(n1C)c1cc(c(c(c1)OC)OC)OC.[Br+],COc1cc(-c2cncn2C)c(Br)c(OC)c1OC,1.0,1,-0.1487142617930033
2766,81,,2765,81,n1ccsc1c1nccs1.[Br+],Brc1csc(-c2nccs2)n1,0.0,1,-0.10531604256400229
2767,82,,2766,82,n1ccsc1c1nccs1.[Br+],Brc1cnc(-c2nccs2)s1,1.0,1,-0.12439840427699878
2768,83,,2767,83,n1ccsc1c1nccs1.[Br+],Brc1csc(-c2nccs2)n1,0.0,1,-0.11126206866899935
2769,84,,2768,84,n1ccsc1c1nccs1.[Br+],Brc1cnc(-c2nccs2)s1,1.0,1,-0.12441535020000316
2770,85,,2769,85,c1cc(ccc1OC)c1nccs1.[Br+],COc1ccc(-c2nccs2)cc1Br,0.0,1,-0.1322436341789981
2771,86,,2770,86,c1cc(ccc1OC)c1nccs1.[Br+],COc1ccc(-c2nccs2)c(Br)c1,0.0,1,-0.12336686776099981
2772,87,,2771,87,c1cc(ccc1OC)c1nccs1.[Br+],COc1ccc(-c2nc(Br)cs2)cc1,0.0,1,-0.12002957794900482
2773,88,,2772,88,c1cc(ccc1OC)c1nccs1.[Br+],COc1ccc(-c2ncc(Br)s2)cc1,1.0,1,-0.1399216300680024
2774,89,,2773,89,c1cc(ccc1OC)c1nccs1.[Br+],COc1ccc(-c2nccs2)c(Br)c1,0.0,1,-0.12337002672099828
2775,90,,2774,90,c1cc(ccc1OC)c1nccs1.[Br+],COc1ccc(-c2nccs2)cc1Br,0.0,1,-0.13224748097000116
2776,91,,2775,91,c1c(sc(n1)c1ccc(cc1)OC)OC.[Br+],COc1cnc(-c2ccc(OC)c(Br)c2)s1,0.0,1,-0.1331940261050022
2777,92,,2776,92,c1c(sc(n1)c1ccc(cc1)OC)OC.[Br+],COc1ccc(-c2ncc(OC)s2)c(Br)c1,0.0,1,-0.12900691838899547
2778,93,,2777,93,c1c(sc(n1)c1ccc(cc1)OC)OC.[Br+],COc1ccc(-c2nc(Br)c(OC)s2)cc1,1.0,1,-0.14261356739200437
2779,94,,2778,94,c1c(sc(n1)c1ccc(cc1)OC)OC.[Br+],COc1ccc(-c2ncc(OC)s2)c(Br)c1,0.0,1,-0.1290356157630015
2780,95,,2779,95,c1c(sc(n1)c1ccc(cc1)OC)OC.[Br+],COc1cnc(-c2ccc(OC)c(Br)c2)s1,0.0,1,-0.1331902766209936
2781,96,,2780,96,c1c(ccnc1)N(C)C.[Br+],CN(C)c1ccncc1Br,1.0,1,-0.15103502780199918
2782,97,,2781,97,c1c(ccnc1)N(C)C.[Br+],CN(C)c1ccnc(Br)c1,0.0,1,-0.10967206543000074
2783,98,,2782,98,c1c(ccnc1)N(C)C.[Br+],CN(C)c1ccncc1Br,1.0,1,-0.1509986994340018
2784,99,,2783,99,c1c(ccnc1)N(C)C.[Br+],CN(C)c1ccnc(Br)c1,0.0,1,-0.10968063657000116
2785,100,,2784,100,c1(cccnc1N)C=O.[Br+],Nc1ncc(Br)cc1C=O,1.0,1,-0.126026186939999
2786,101,,2785,101,c1(cccnc1N)C=O.[Br+],Nc1nc(Br)ccc1C=O,0.0,1,-0.08936651335600132
2787,102,,2786,102,c1(cccnc1N)C=O.[Br+],Nc1nccc(Br)c1C=O,0.0,1,-0.09072353631599839
2788,103,,2787,103,c1cnc(c(O[C@@H](c2cc(ccc2C(F)(F)F)Cl)C)c1)N.[Br+],C[C@@H](Oc1cc(Br)cnc1N)c1cc(Cl)ccc1C(F)(F)F,1.0,1,-0.14028363623400253
2789,104,,2788,104,c1cnc(c(O[C@@H](c2cc(ccc2C(F)(F)F)Cl)C)c1)N.[Br+],C[C@@H](Oc1ccc(Br)nc1N)c1cc(Cl)ccc1C(F)(F)F,0.0,1,-0.12478070882799841
2790,105,,2789,105,c1cnc(c(O[C@@H](c2cc(ccc2C(F)(F)F)Cl)C)c1)N.[Br+],C[C@@H](Oc1cccnc1N)c1c(C(F)(F)F)ccc(Cl)c1Br,0.0,1,-0.10423022470000376
2791,106,,2790,106,c1cnc(c(O[C@@H](c2cc(ccc2C(F)(F)F)Cl)C)c1)N.[Br+],C[C@@H](Oc1cccnc1N)c1cc(Cl)c(Br)cc1C(F)(F)F,0.0,1,-0.10609918270300511
2792,107,,2791,107,c1cnc(c(O[C@@H](c2cc(ccc2C(F)(F)F)Cl)C)c1)N.[Br+],C[C@@H](Oc1cccnc1N)c1cc(Cl)cc(Br)c1C(F)(F)F,0.0,1,-0.09268331436899757
2793,108,,2792,108,c1cnc(c(O[C@@H](c2cc(ccc2C(F)(F)F)Cl)C)c1)N.[Br+],C[C@@H](Oc1c(Br)ccnc1N)c1cc(Cl)ccc1C(F)(F)F,0.0,1,-0.12148061023999901
2804,119,,2803,119,n1ccc(nc1N)c1ccccc1.[Br+],Nc1nccc(-c2cccc(Br)c2)n1,0.0,1,-0.11804845856899959
2805,120,,2804,120,n1ccc(nc1N)c1ccccc1.[Br+],Nc1nccc(-c2ccc(Br)cc2)n1,0.0,1,-0.1217918586440021
2806,121,,2805,121,n1ccc(nc1N)c1ccccc1.[Br+],Nc1nccc(-c2cccc(Br)c2)n1,0.0,1,-0.11783597890600106
2807,122,,2806,122,n1ccc(nc1N)c1ccccc1.[Br+],Nc1nccc(-c2ccccc2Br)n1,0.0,1,-0.12356516383199789
2808,123,,2807,123,n1ccc(nc1N)c1ccccc1.[Br+],Nc1nc(Br)cc(-c2ccccc2)n1,0.0,1,-0.08503021461400095
2809,124,,2808,124,n1ccc(nc1N)c1ccccc1.[Br+],Nc1ncc(Br)c(-c2ccccc2)n1,1.0,1,-0.13581141047900047
2810,125,,2809,125,n1ccc(nc1N)c1ccccc1.[Br+],Nc1nccc(-c2ccccc2Br)n1,0.0,1,-0.12353960464599822
2811,126,,2810,126,c1nc(nc(c1)OC)N.[Br+],COc1cc(Br)nc(N)n1,0.0,1,-0.08368365973499792
2812,127,,2811,127,c1nc(nc(c1)OC)N.[Br+],COc1nc(N)ncc1Br,1.0,1,-0.13829160642600158
2813,128,,2812,128,c1cnc(nc1c1c(n[nH]c1)C(C)C)SC.[Br+],CSc1ncc(Br)c(-c2c[nH]nc2C(C)C)n1,1.0,1,-0.12885072110000095
2814,129,,2813,129,c1cnc(nc1c1c(n[nH]c1)C(C)C)SC.[Br+],CSc1nc(Br)cc(-c2c[nH]nc2C(C)C)n1,0.0,1,-0.11528722543699388
2815,130,,2814,130,c1cnc(nc1c1c(n[nH]c1)C(C)C)SC.[Br+],CSc1nccc(-c2c(C(C)C)n[nH]c2Br)n1,0.0,1,-0.11636995424599661
2845,160,,2844,160,c1(nc2n(c(c1)C)nc(c2)c1ccccc1)C.[Br+],Cc1cc(C)n2nc(-c3cccc(Br)c3)cc2n1,0.0,1,-0.1216758816909973
2846,161,,2845,161,c1(nc2n(c(c1)C)nc(c2)c1ccccc1)C.[Br+],Cc1cc(C)n2nc(-c3ccc(Br)cc3)cc2n1,0.0,1,-0.13085418749800226
2847,162,,2846,162,c1(nc2n(c(c1)C)nc(c2)c1ccccc1)C.[Br+],Cc1cc(C)n2nc(-c3cccc(Br)c3)cc2n1,0.0,1,-0.12167489698200029
2848,163,,2847,163,c1(nc2n(c(c1)C)nc(c2)c1ccccc1)C.[Br+],Cc1cc(C)n2nc(-c3ccccc3Br)cc2n1,0.0,1,-0.1308847918519973
2849,164,,2848,164,c1(nc2n(c(c1)C)nc(c2)c1ccccc1)C.[Br+],Cc1nc2cc(-c3ccccc3)nn2c(C)c1Br,0.0,1,-0.13136017202999994
2850,165,,2849,165,c1(nc2n(c(c1)C)nc(c2)c1ccccc1)C.[Br+],Cc1cc(C)n2nc(-c3ccccc3)c(Br)c2n1,1.0,1,-0.15793672611599874
2851,166,,2850,166,c1(nc2n(c(c1)C)nc(c2)c1ccccc1)C.[Br+],Cc1cc(C)n2nc(-c3ccccc3Br)cc2n1,0.0,1,-0.13088189419399754
2869,184,,2868,184,c1cnc(o1)c1ccccc1.[Br+],Brc1cnc(-c2ccccc2)o1,1.0,1,-0.12449423253999825
2870,185,,2869,185,c1cnc(o1)c1ccccc1.[Br+],Brc1coc(-c2ccccc2)n1,0.0,1,-0.1059751352650018
2871,186,,2870,186,c1cnc(o1)c1ccccc1.[Br+],Brc1cccc(-c2ncco2)c1,0.0,1,-0.11494018235699954
2872,187,,2871,187,c1cnc(o1)c1ccccc1.[Br+],Brc1ccc(-c2ncco2)cc1,1.0,1,-0.12192677169900179
2873,188,,2872,188,c1cnc(o1)c1ccccc1.[Br+],Brc1cccc(-c2ncco2)c1,0.0,1,-0.11490874745900115
2874,189,,2873,189,c1cnc(o1)c1ccccc1.[Br+],Brc1ccccc1-c1ncco1,0.0,1,-0.11965671311399717
2875,190,,2874,190,c1cnc(o1)c1ccccc1.[Br+],Brc1ccccc1-c1ncco1,0.0,1,-0.11966243657800035
2876,191,,2875,191,c1(cccnc1)N(C)C.[Br+],CN(C)c1cncc(Br)c1,0.0,1,-0.12492440305099706
2877,192,,2876,192,c1(cccnc1)N(C)C.[Br+],CN(C)c1ccc(Br)nc1,1.0,1,-0.14712792560600008
2878,193,,2877,193,c1(cccnc1)N(C)C.[Br+],CN(C)c1cnccc1Br,1.0,1,-0.1470758373970007
2879,194,,2878,194,c1(cccnc1)N(C)C.[Br+],CN(C)c1cccnc1Br,1.0,1,-0.1499171838929989
2880,195,,2879,195,c1c2n(c(c3nccnc3N)nc2cnc1)CC.[Br+],CCn1c(-c2nc(Br)cnc2N)nc2cnccc21,1.0,1,-0.11982782631599775
2881,196,,2880,196,c1c2n(c(c3nccnc3N)nc2cnc1)CC.[Br+],CCn1c(-c2ncc(Br)nc2N)nc2cnccc21,0.0,1,-0.11102570542699652
2882,197,,2881,197,c1c2n(c(c3nccnc3N)nc2cnc1)CC.[Br+],CCn1c(-c2nccnc2N)nc2cncc(Br)c21,1.0,1,-0.11667321542900311
2883,198,,2882,198,c1c2n(c(c3nccnc3N)nc2cnc1)CC.[Br+],CCn1c(-c2nccnc2N)nc2c(Br)nccc21,0.0,1,-0.11492161760100572
2884,199,,2883,199,c1c2n(c(c3nccnc3N)nc2cnc1)CC.[Br+],CCn1c(-c2nccnc2N)nc2cnc(Br)cc21,0.0,1,-0.11381510073900358
2895,210,,2894,210,c1cnc(s1)c1n[nH]c(c1)C(OC)OC.[Br+],COC(OC)c1cc(-c2ncc(Br)s2)n[nH]1,1.0,1,-0.13016243166600105
2896,211,,2895,211,c1cnc(s1)c1n[nH]c(c1)C(OC)OC.[Br+],COC(OC)c1cc(-c2nc(Br)cs2)n[nH]1,0.0,1,-0.11866496811899907
2897,212,,2896,212,c1cnc(s1)c1n[nH]c(c1)C(OC)OC.[Br+],COC(OC)c1[nH]nc(-c2nccs2)c1Br,1.0,1,-0.12677490466399632
2750,65,,2749,65,c1c(nc[nH]1)C(=O)OC.[Br+],COC(=O)c1nc[nH]c1Br,1.0,1,-0.1114856920909979
2751,66,,2750,66,c1c(nc[nH]1)C(=O)OC.[Br+],COC(=O)c1c[nH]c(Br)n1,0.0,1,-0.10543966445500175
2819,134,,2818,134,n1c(cnc(c1)C(=O)OC)N1CCN([C@H](C1)CCC)C(=O)OC(C)(C)C.[Br+],CCC[C@H]1CN(c2ncc(C(=O)OC)nc2Br)CCN1C(=O)OC(C)(C)C,1.0,1,-0.11708809400599307
2820,135,,2819,135,n1c(cnc(c1)C(=O)OC)N1CCN([C@H](C1)CCC)C(=O)OC(C)(C)C.[Br+],CCC[C@H]1CN(c2cnc(C(=O)OC)c(Br)n2)CCN1C(=O)OC(C)(C)C,0.0,1,-0.1073256028009979
2821,136,,2820,136,n1c(c(ncc1)Oc1ccc(cc1)OC)N1CCN(CC1)CC(=O)OC(C)(C)C.[Br+],COc1ccc(Oc2nc(Br)cnc2N2CCN(CC(=O)OC(C)(C)C)CC2)cc1,1.0,1,-0.14134655351799097
2822,137,,2821,137,n1c(c(ncc1)Oc1ccc(cc1)OC)N1CCN(CC1)CC(=O)OC(C)(C)C.[Br+],COc1ccc(Oc2ncc(Br)nc2N2CCN(CC(=O)OC(C)(C)C)CC2)cc1,0.0,1,-0.13323849240599372
2823,138,,2822,138,n1c(c(ncc1)Oc1ccc(cc1)OC)N1CCN(CC1)CC(=O)OC(C)(C)C.[Br+],COc1ccc(Oc2nccnc2N2CCN(CC(=O)OC(C)(C)C)CC2)cc1Br,0.0,1,-0.13640180235100274
2824,139,,2823,139,n1c(c(ncc1)Oc1ccc(cc1)OC)N1CCN(CC1)CC(=O)OC(C)(C)C.[Br+],COc1ccc(Oc2nccnc2N2CCN(CC(=O)OC(C)(C)C)CC2)c(Br)c1,0.0,1,-0.12806255543399914
2825,140,,2824,140,n1c(c(ncc1)Oc1ccc(cc1)OC)N1CCN(CC1)CC(=O)OC(C)(C)C.[Br+],COc1ccc(Oc2nccnc2N2CCN(CC(=O)OC(C)(C)C)CC2)c(Br)c1,0.0,1,-0.1328336874070004
2826,141,,2825,141,n1c(c(ncc1)Oc1ccc(cc1)OC)N1CCN(CC1)CC(=O)OC(C)(C)C.[Br+],COc1ccc(Oc2nccnc2N2CCN(CC(=O)OC(C)(C)C)CC2)cc1Br,0.0,1,-0.1299541615410078
2835,150,,2834,150,c1c(nnc(c1)c1cn(nc1)C1CCN(CC1)C(=O)OC(C)(C)C)N.[Br+],CC(C)(C)OC(=O)N1CCC(n2cc(-c3cc(Br)c(N)nn3)cn2)CC1,0.0,1,-0.12098579888899508
2836,151,,2835,151,c1c(nnc(c1)c1cn(nc1)C1CCN(CC1)C(=O)OC(C)(C)C)N.[Br+],CC(C)(C)OC(=O)N1CCC(n2cc(-c3nnc(N)cc3Br)cn2)CC1,0.0,1,-0.11459980865500086
2837,152,,2836,152,c1c(nnc(c1)c1cn(nc1)C1CCN(CC1)C(=O)OC(C)(C)C)N.[Br+],CC(C)(C)OC(=O)N1CCC(n2ncc(-c3ccc(N)nn3)c2Br)CC1,1.0,1,-0.13551295528999674
2838,153,,2837,153,c1c(nnc(c1)c1cn(nc1)C1CCN(CC1)C(=O)OC(C)(C)C)N.[Br+],CC(C)(C)OC(=O)N1CCC(n2cc(-c3ccc(N)nn3)c(Br)n2)CC1,1.0,1,-0.13505056435599272
2990,305,,2989,305,c1cnc(cc1c1n(c(c(n1)c1ccc(cc1Cl)Cl)C(=O)OC)COCC[Si](C)(C)C)NC(=O)C.[Br+],COC(=O)c1c(-c2ccc(Cl)cc2Cl)nc(-c2cc(NC(C)=O)ncc2Br)n1COCC[Si](C)(C)C,0.0,1,-0.11874306140099122
2991,306,,2990,306,c1cnc(cc1c1n(c(c(n1)c1ccc(cc1Cl)Cl)C(=O)OC)COCC[Si](C)(C)C)NC(=O)C.[Br+],COC(=O)c1c(-c2ccc(Cl)cc2Cl)nc(-c2cc(Br)nc(NC(C)=O)c2)n1COCC[Si](C)(C)C,0.0,1,-0.0926798270489968
2992,307,,2991,307,c1cnc(cc1c1n(c(c(n1)c1ccc(cc1Cl)Cl)C(=O)OC)COCC[Si](C)(C)C)NC(=O)C.[Br+],COC(=O)c1c(-c2ccc(Cl)cc2Cl)nc(-c2ccnc(NC(C)=O)c2Br)n1COCC[Si](C)(C)C,0.0,1,-0.12580351405499357
2993,308,,2992,308,c1cnc(cc1c1n(c(c(n1)c1ccc(cc1Cl)Cl)C(=O)OC)COCC[Si](C)(C)C)NC(=O)C.[Br+],COC(=O)c1c(-c2c(Cl)cc(Cl)cc2Br)nc(-c2ccnc(NC(C)=O)c2)n1COCC[Si](C)(C)C,1.0,1,-0.1442386324469993
2994,309,,2993,309,c1cnc(cc1c1n(c(c(n1)c1ccc(cc1Cl)Cl)C(=O)OC)COCC[Si](C)(C)C)NC(=O)C.[Br+],COC(=O)c1c(-c2cc(Br)c(Cl)cc2Cl)nc(-c2ccnc(NC(C)=O)c2)n1COCC[Si](C)(C)C,0.0,1,-0.11598540192399298
2995,310,,2994,310,c1cnc(cc1c1n(c(c(n1)c1ccc(cc1Cl)Cl)C(=O)OC)COCC[Si](C)(C)C)NC(=O)C.[Br+],COC(=O)c1c(-c2ccc(Cl)c(Br)c2Cl)nc(-c2ccnc(NC(C)=O)c2)n1COCC[Si](C)(C)C,0.0,1,-0.11747166168100875
3016,331,,3015,331,c1cc(c(c(=O)[nH]1)C(=O)OCC)OC.[Br+],CCOC(=O)c1c(OC)cc(Br)[nH]c1=O,0.0,1,-0.08065519902000062
3017,332,,3016,332,c1cc(c(c(=O)[nH]1)C(=O)OCC)OC.[Br+],CCOC(=O)c1c(OC)c(Br)c[nH]c1=O,1.0,1,-0.12028379722000437
3023,338,,3022,338,c1(ccc(=O)[nH]c1C)C(=O)CC.[Br+],CCC(=O)c1c(Br)cc(=O)[nH]c1C,1.0,1,-0.15279503934500127
3024,339,,3023,339,c1(ccc(=O)[nH]c1C)C(=O)CC.[Br+],CCC(=O)c1cc(Br)c(=O)[nH]c1C,0.0,1,-0.129176783181002
3025,340,,3024,340,c1(ccc(=O)[nH]c1C(=O)OC)C.[Br+],COC(=O)c1[nH]c(=O)cc(Br)c1C,0.0,1,-0.08997130264199882
3026,341,,3025,341,c1(ccc(=O)[nH]c1C(=O)OC)C.[Br+],COC(=O)c1[nH]c(=O)c(Br)cc1C,1.0,1,-0.1191879589679985
3132,447,,3131,447,n1c(cnc(c1)c1cncc(c1)C#N)NCC1N(CCC1)CC(=O)OC(C)(C)C.[Br+],CC(C)(C)OC(=O)CN1CCCC1CNc1ncc(-c2cncc(C#N)c2)nc1Br,0.0,1,-0.1252956031650001
3133,448,,3132,448,n1c(cnc(c1)c1cncc(c1)C#N)NCC1N(CCC1)CC(=O)OC(C)(C)C.[Br+],CC(C)(C)OC(=O)CN1CCCC1CNc1cnc(-c2cncc(C#N)c2)c(Br)n1,1.0,1,-0.1512582487980012
3134,449,,3133,449,n1c(cnc(c1)c1cncc(c1)C#N)NCC1N(CCC1)CC(=O)OC(C)(C)C.[Br+],CC(C)(C)OC(=O)CN1CCCC1CNc1cnc(-c2cc(C#N)cnc2Br)cn1,0.0,1,-0.11773146596399897
3135,450,,3134,450,n1c(cnc(c1)c1cncc(c1)C#N)NCC1N(CCC1)CC(=O)OC(C)(C)C.[Br+],CC(C)(C)OC(=O)CN1CCCC1CNc1cnc(-c2cnc(Br)c(C#N)c2)cn1,0.0,1,-0.11912096665599847
3136,451,,3135,451,n1c(cnc(c1)c1cncc(c1)C#N)NCC1N(CCC1)CC(=O)OC(C)(C)C.[Br+],CC(C)(C)OC(=O)CN1CCCC1CNc1cnc(-c2cncc(C#N)c2Br)cn1,0.0,1,-0.12014992488899168
3182,497,,3181,497,c1conc1CNc1c(ncc(c1)F)C(=O)OCC.[Br+],CCOC(=O)c1ncc(F)cc1NCc1nocc1Br,1.0,1,-0.1264827943569955
3183,498,,3182,498,c1conc1CNc1c(ncc(c1)F)C(=O)OCC.[Br+],CCOC(=O)c1ncc(F)cc1NCc1cc(Br)on1,0.0,1,-0.08870616112899654
3184,499,,3183,499,c1conc1CNc1c(ncc(c1)F)C(=O)OCC.[Br+],CCOC(=O)c1nc(Br)c(F)cc1NCc1ccon1,0.0,1,-0.11918770790399691
3185,500,,3184,500,c1conc1CNc1c(ncc(c1)F)C(=O)OCC.[Br+],CCOC(=O)c1ncc(F)c(Br)c1NCc1ccon1,1.0,1,-0.12194433170100183
3209,524,,3208,524,c1(cccnc1C(=O)OCC)NC1COC1.[Br+],CCOC(=O)c1ncc(Br)cc1NC1COC1,0.0,1,-0.1063301346109995
3210,525,,3209,525,c1(cccnc1C(=O)OCC)NC1COC1.[Br+],CCOC(=O)c1nc(Br)ccc1NC1COC1,1.0,1,-0.1235864037479999
3211,526,,3210,526,c1(cccnc1C(=O)OCC)NC1COC1.[Br+],CCOC(=O)c1nccc(Br)c1NC1COC1,1.0,1,-0.12250663793199834
3248,563,,3247,563,n1c(cnc(c2cncnc2)c1)NCC1N(CCC1)CC(=O)OC(C)(C)C.[Br+],CC(C)(C)OC(=O)CN1CCCC1CNc1ncc(-c2cncnc2)nc1Br,0.0,1,-0.13188168069601147
3249,564,,3248,564,n1c(cnc(c2cncnc2)c1)NCC1N(CCC1)CC(=O)OC(C)(C)C.[Br+],CC(C)(C)OC(=O)CN1CCCC1CNc1cnc(-c2cncnc2Br)cn1,0.0,1,-0.11619274840400351
3250,565,,3249,565,n1c(cnc(c2cncnc2)c1)NCC1N(CCC1)CC(=O)OC(C)(C)C.[Br+],CC(C)(C)OC(=O)CN1CCCC1CNc1cnc(-c2cnc(Br)nc2)cn1,0.0,1,-0.11181464901900995
3251,566,,3250,566,n1c(cnc(c2cncnc2)c1)NCC1N(CCC1)CC(=O)OC(C)(C)C.[Br+],CC(C)(C)OC(=O)CN1CCCC1CNc1cnc(-c2cncnc2Br)cn1,0.0,1,-0.11477329782699996
3252,567,,3251,567,n1c(cnc(c2cncnc2)c1)NCC1N(CCC1)CC(=O)OC(C)(C)C.[Br+],CC(C)(C)OC(=O)CN1CCCC1CNc1cnc(-c2cncnc2)c(Br)n1,1.0,1,-0.15128912909000292
3277,592,,3276,592,n1nc[nH]c1c1c(c(c(s1)c1ccnc(c1)NC(=O)C)C#N)c1ccc(cc1Cl)Cl.[Br+],CC(=O)Nc1cc(-c2sc(-c3nnc(Br)[nH]3)c(-c3ccc(Cl)cc3Cl)c2C#N)ccn1,0.0,1,-0.10262916196799665
3278,593,,3277,593,n1nc[nH]c1c1c(c(c(s1)c1ccnc(c1)NC(=O)C)C#N)c1ccc(cc1Cl)Cl.[Br+],CC(=O)Nc1cc(-c2sc(-c3nnc[nH]3)c(-c3ccc(Cl)cc3Cl)c2C#N)c(Br)cn1,0.0,1,-0.12190904685799353
3279,594,,3278,594,n1nc[nH]c1c1c(c(c(s1)c1ccnc(c1)NC(=O)C)C#N)c1ccc(cc1Cl)Cl.[Br+],CC(=O)Nc1cc(-c2sc(-c3nnc[nH]3)c(-c3ccc(Cl)cc3Cl)c2C#N)cc(Br)n1,0.0,1,-0.08654270924000684
3280,595,,3279,595,n1nc[nH]c1c1c(c(c(s1)c1ccnc(c1)NC(=O)C)C#N)c1ccc(cc1Cl)Cl.[Br+],CC(=O)Nc1nccc(-c2sc(-c3nnc[nH]3)c(-c3ccc(Cl)cc3Cl)c2C#N)c1Br,0.0,1,-0.1150276732449953
3281,596,,3280,596,n1nc[nH]c1c1c(c(c(s1)c1ccnc(c1)NC(=O)C)C#N)c1ccc(cc1Cl)Cl.[Br+],CC(=O)Nc1cc(-c2sc(-c3nnc[nH]3)c(-c3c(Cl)cc(Cl)cc3Br)c2C#N)ccn1,0.0,1,-0.1594048670090018
3282,597,,3281,597,n1nc[nH]c1c1c(c(c(s1)c1ccnc(c1)NC(=O)C)C#N)c1ccc(cc1Cl)Cl.[Br+],CC(=O)Nc1cc(-c2sc(-c3nnc[nH]3)c(-c3cc(Br)c(Cl)cc3Cl)c2C#N)ccn1,1.0,1,-0.16431204633001073
3283,598,,3282,598,n1nc[nH]c1c1c(c(c(s1)c1ccnc(c1)NC(=O)C)C#N)c1ccc(cc1Cl)Cl.[Br+],CC(=O)Nc1cc(-c2sc(-c3nnc[nH]3)c(-c3ccc(Cl)c(Br)c3Cl)c2C#N)ccn1,1.0,1,-0.16049444545699032
3444,759,,3443,759,c1(cc(c2n(c1)ccn2)NC(=O)C)c1sc(cc1)Cl.[Br+],CC(=O)Nc1cc(-c2ccc(Cl)s2)cn2c(Br)cnc12,1.0,1,-0.14787541257200587
3445,760,,3444,760,c1(cc(c2n(c1)ccn2)NC(=O)C)c1sc(cc1)Cl.[Br+],CC(=O)Nc1cc(-c2ccc(Cl)s2)cn2cc(Br)nc12,0.0,1,-0.1247529052579992
3446,761,,3445,761,c1(cc(c2n(c1)ccn2)NC(=O)C)c1sc(cc1)Cl.[Br+],CC(=O)Nc1c(Br)c(-c2ccc(Cl)s2)cn2ccnc12,0.0,1,-0.14237653449900023
3447,762,,3446,762,c1(cc(c2n(c1)ccn2)NC(=O)C)c1sc(cc1)Cl.[Br+],CC(=O)Nc1cc(-c2ccc(Cl)s2)c(Br)n2ccnc12,1.0,1,-0.14457449881399498
3448,763,,3447,763,c1(cc(c2n(c1)ccn2)NC(=O)C)c1sc(cc1)Cl.[Br+],CC(=O)Nc1cc(-c2cc(Br)c(Cl)s2)cn2ccnc12,0.0,1,-0.12778050397299978
3449,764,,3448,764,c1(cc(c2n(c1)ccn2)NC(=O)C)c1sc(cc1)Cl.[Br+],CC(=O)Nc1cc(-c2sc(Cl)cc2Br)cn2ccnc12,0.0,1,-0.13483740382800136
3450,765,,3449,765,c1c(cc2n(c1c1cccc3n1c(cn3)N(=O)=O)ccn2)NC(=O)C.[Br+],CC(=O)Nc1cc(-c2cc(Br)cc3ncc([N+](=O)[O-])n23)n2ccnc2c1,0.0,1,-0.09699381796100681
3451,766,,3450,766,c1c(cc2n(c1c1cccc3n1c(cn3)N(=O)=O)ccn2)NC(=O)C.[Br+],CC(=O)Nc1cc(-c2ccc(Br)c3ncc([N+](=O)[O-])n23)n2ccnc2c1,0.0,1,-0.10804993086298964
3452,767,,3451,767,c1c(cc2n(c1c1cccc3n1c(cn3)N(=O)=O)ccn2)NC(=O)C.[Br+],CC(=O)Nc1cc(-c2cccc3ncc([N+](=O)[O-])n23)n2c(Br)cnc2c1,1.0,1,-0.1472496856099923
3453,768,,3452,768,c1c(cc2n(c1c1cccc3n1c(cn3)N(=O)=O)ccn2)NC(=O)C.[Br+],CC(=O)Nc1cc(-c2cccc3ncc([N+](=O)[O-])n23)n2cc(Br)nc2c1,0.0,1,-0.11747830193699826
3454,769,,3453,769,c1c(cc2n(c1c1cccc3n1c(cn3)N(=O)=O)ccn2)NC(=O)C.[Br+],CC(=O)Nc1cc2nccn2c(-c2cccc3ncc([N+](=O)[O-])n23)c1Br,0.0,1,-0.12752269294999508
3455,770,,3454,770,c1c(cc2n(c1c1cccc3n1c(cn3)N(=O)=O)ccn2)NC(=O)C.[Br+],CC(=O)Nc1cc(-c2cccc3ncc([N+](=O)[O-])n23)n2ccnc2c1Br,0.0,1,-0.13135213676800106
3456,771,,3455,771,c1c(cc2n(c1c1cccc3n1c(cn3)N(=O)=O)ccn2)NC(=O)C.[Br+],CC(=O)Nc1cc(-c2c(Br)ccc3ncc([N+](=O)[O-])n23)n2ccnc2c1,0.0,1,-0.10184314844899234
3457,772,,3456,772,c1c(cc2n(c1c1cccc3n1c(cn3)N(=O)=O)ccn2)NC(=O)C.[Br+],CC(=O)Nc1cc(-c2cccc3nc(Br)c([N+](=O)[O-])n23)n2ccnc2c1,0.0,1,-0.13503104800300036
3536,851,,3535,851,N1(c2ncc(nc2)C(=O)OC)CC(C1)(F)F.[Br+],COC(=O)c1ncc(N2CC(F)(F)C2)nc1Br,0.0,1,-0.09867132823199398
3537,852,,3536,852,N1(c2ncc(nc2)C(=O)OC)CC(C1)(F)F.[Br+],COC(=O)c1cnc(N2CC(F)(F)C2)c(Br)n1,1.0,1,-0.10932956225699542
3564,879,,3563,879,c1cnc(c(n1)N1CCN(CC1)C(=O)OC(C)(C)C)Oc1ccc(cc1)OC.[Br+],COc1ccc(Oc2ncc(Br)nc2N2CCN(C(=O)OC(C)(C)C)CC2)cc1,0.0,1,-0.12857932585799858
3565,880,,3564,880,c1cnc(c(n1)N1CCN(CC1)C(=O)OC(C)(C)C)Oc1ccc(cc1)OC.[Br+],COc1ccc(Oc2nc(Br)cnc2N2CCN(C(=O)OC(C)(C)C)CC2)cc1,0.0,1,-0.13871763474200804
3566,881,,3565,881,c1cnc(c(n1)N1CCN(CC1)C(=O)OC(C)(C)C)Oc1ccc(cc1)OC.[Br+],COc1ccc(Oc2nccnc2N2CCN(C(=O)OC(C)(C)C)CC2)cc1Br,0.0,1,-0.13403651305598885
3567,882,,3566,882,c1cnc(c(n1)N1CCN(CC1)C(=O)OC(C)(C)C)Oc1ccc(cc1)OC.[Br+],COc1ccc(Oc2nccnc2N2CCN(C(=O)OC(C)(C)C)CC2)c(Br)c1,0.0,1,-0.1311964947740023
3568,883,,3567,883,c1cnc(c(n1)N1CCN(CC1)C(=O)OC(C)(C)C)Oc1ccc(cc1)OC.[Br+],COc1ccc(Oc2nccnc2N2CCN(C(=O)OC(C)(C)C)CC2)c(Br)c1,1.0,1,-0.1585631609020055
3569,884,,3568,884,c1cnc(c(n1)N1CCN(CC1)C(=O)OC(C)(C)C)Oc1ccc(cc1)OC.[Br+],COc1ccc(Oc2nccnc2N2CCN(C(=O)OC(C)(C)C)CC2)cc1Br,0.0,1,-0.13292647193499363
3576,891,,3575,891,n1c(cnc(c1)c1cncnc1)NCC1N(CCC1)C(=O)OC(C)(C)C.[Br+],CC(C)(C)OC(=O)N1CCCC1CNc1ncc(-c2cncnc2)nc1Br,1.0,1,-0.11688651549799545
3577,892,,3576,892,n1c(cnc(c1)c1cncnc1)NCC1N(CCC1)C(=O)OC(C)(C)C.[Br+],CC(C)(C)OC(=O)N1CCCC1CNc1cnc(-c2cncnc2)c(Br)n1,1.0,1,-0.11210684902999901
3578,893,,3577,893,n1c(cnc(c1)c1cncnc1)NCC1N(CCC1)C(=O)OC(C)(C)C.[Br+],CC(C)(C)OC(=O)N1CCCC1CNc1cnc(-c2cncnc2Br)cn1,0.0,1,-0.10328740189800101
3579,894,,3578,894,n1c(cnc(c1)c1cncnc1)NCC1N(CCC1)C(=O)OC(C)(C)C.[Br+],CC(C)(C)OC(=O)N1CCCC1CNc1cnc(-c2cnc(Br)nc2)cn1,0.0,1,-0.1022968661080057
3580,895,,3579,895,n1c(cnc(c1)c1cncnc1)NCC1N(CCC1)C(=O)OC(C)(C)C.[Br+],CC(C)(C)OC(=O)N1CCCC1CNc1cnc(-c2cncnc2Br)cn1,0.0,1,-0.10232414895298803
3587,902,,3586,902,c1(cncc(n1)N1C[C@H](N(CC1)C(=O)OC(C)(C)C)C)OC.[Br+],COc1nc(N2CCN(C(=O)OC(C)(C)C)[C@H](C)C2)cnc1Br,1.0,1,-0.14121838403499964
3588,903,,3587,903,c1(cncc(n1)N1C[C@H](N(CC1)C(=O)OC(C)(C)C)C)OC.[Br+],COc1cnc(Br)c(N2CCN(C(=O)OC(C)(C)C)[C@H](C)C2)n1,0.0,1,-0.1356467850560108
3657,972,,3656,972,C1(CN(CC(O1)C)c1cccc(n1)C(=O)OC)C.[Br+],COC(=O)c1cc(Br)cc(N2CC(C)OC(C)C2)n1,0.0,1,-0.09581514745899966
3658,973,,3657,973,C1(CN(CC(O1)C)c1cccc(n1)C(=O)OC)C.[Br+],COC(=O)c1nc(N2CC(C)OC(C)C2)ccc1Br,1.0,1,-0.13862336041199796
3659,974,,3658,974,C1(CN(CC(O1)C)c1cccc(n1)C(=O)OC)C.[Br+],COC(=O)c1ccc(Br)c(N2CC(C)OC(C)C2)n1,1.0,1,-0.1366862151419994
3674,989,,3673,989,c1cnc(cc1OC)N1C[C@H](N(CC1)C(=O)OC(C)(C)C)C.[Br+],COc1cc(N2CCN(C(=O)OC(C)(C)C)[C@H](C)C2)ncc1Br,1.0,1,-0.15437081272200714
3675,990,,3674,990,c1cnc(cc1OC)N1C[C@H](N(CC1)C(=O)OC(C)(C)C)C.[Br+],COc1cc(Br)nc(N2CCN(C(=O)OC(C)(C)C)[C@H](C)C2)c1,0.0,1,-0.10578958207899802
3676,991,,3675,991,c1cnc(cc1OC)N1C[C@H](N(CC1)C(=O)OC(C)(C)C)C.[Br+],COc1ccnc(N2CCN(C(=O)OC(C)(C)C)[C@H](C)C2)c1Br,1.0,1,-0.15697547018999103
3677,992,,3676,992,c1ccc(nc1OC)N1CCN(CC1)C(=O)OC(C)(C)C.[Br+],COc1nc(N2CCN(C(=O)OC(C)(C)C)CC2)ccc1Br,1.0,1,-0.1625773399159982
3678,993,,3677,993,c1ccc(nc1OC)N1CCN(CC1)C(=O)OC(C)(C)C.[Br+],COc1cc(Br)cc(N2CCN(C(=O)OC(C)(C)C)CC2)n1,0.0,1,-0.10819988423899929
3679,994,,3678,994,c1ccc(nc1OC)N1CCN(CC1)C(=O)OC(C)(C)C.[Br+],COc1ccc(Br)c(N2CCN(C(=O)OC(C)(C)C)CC2)n1,0.0,1,-0.1564485411699934
3760,1075,,3759,1075,c1cc(c(nc1)C(=O)N(C)OC)N.[Br+],CON(C)C(=O)c1ncc(Br)cc1N,0.0,1,-0.11401527611999995
3761,1076,,3760,1076,c1cc(c(nc1)C(=O)N(C)OC)N.[Br+],CON(C)C(=O)c1nccc(Br)c1N,1.0,1,-0.128404108869006
3762,1077,,3761,1077,c1cc(c(nc1)C(=O)N(C)OC)N.[Br+],CON(C)C(=O)c1nc(Br)ccc1N,1.0,1,-0.13119624491400117
3766,1081,,3765,1081,c1(c(cc(nc1)c1cccnc1)C(=O)OCC)O.[Br+],CCOC(=O)c1cc(-c2cncc(Br)c2)ncc1O,1.0,1,-0.10930036506900365
3767,1082,,3766,1082,c1(c(cc(nc1)c1cccnc1)C(=O)OCC)O.[Br+],CCOC(=O)c1cc(-c2ccc(Br)nc2)ncc1O,1.0,1,-0.10766341430900184
3768,1083,,3767,1083,c1(c(cc(nc1)c1cccnc1)C(=O)OCC)O.[Br+],CCOC(=O)c1c(O)cnc(-c2cccnc2)c1Br,1.0,1,-0.10642048199600396
3769,1084,,3768,1084,c1(c(cc(nc1)c1cccnc1)C(=O)OCC)O.[Br+],CCOC(=O)c1cc(-c2cccnc2)nc(Br)c1O,1.0,1,-0.10564134552799942
3770,1085,,3769,1085,c1(c(cc(nc1)c1cccnc1)C(=O)OCC)O.[Br+],CCOC(=O)c1cc(-c2cnccc2Br)ncc1O,1.0,1,-0.10689393274999759
3771,1086,,3770,1086,c1(c(cc(nc1)c1cccnc1)C(=O)OCC)O.[Br+],CCOC(=O)c1cc(-c2cccnc2Br)ncc1O,1.0,1,-0.10747166660500085
3772,1087,,3771,1087,c1(c(cc(nc1)c1ccco1)C(=O)OCC)O.[Br+],CCOC(=O)c1cc(-c2cc(Br)co2)ncc1O,0.0,1,-0.12328402225799806
3773,1088,,3772,1088,c1(c(cc(nc1)c1ccco1)C(=O)OCC)O.[Br+],CCOC(=O)c1cc(-c2ccc(Br)o2)ncc1O,1.0,1,-0.1368674728550019
3774,1089,,3773,1089,c1(c(cc(nc1)c1ccco1)C(=O)OCC)O.[Br+],CCOC(=O)c1c(O)cnc(-c2ccco2)c1Br,0.0,1,-0.11679595171700186
3775,1090,,3774,1090,c1(c(cc(nc1)c1ccco1)C(=O)OCC)O.[Br+],CCOC(=O)c1cc(-c2ccco2)nc(Br)c1O,0.0,1,-0.10887282777200369
3776,1091,,3775,1091,c1(c(cc(nc1)c1ccco1)C(=O)OCC)O.[Br+],CCOC(=O)c1cc(-c2occc2Br)ncc1O,1.0,1,-0.13794881875200105
3777,1092,,3776,1092,c1(c(cc(nc1)c1cccs1)C(=O)OCC)O.[Br+],CCOC(=O)c1cc(-c2cc(Br)cs2)ncc1O,0.0,1,-0.1294009808369978
3778,1093,,3777,1093,c1(c(cc(nc1)c1cccs1)C(=O)OCC)O.[Br+],CCOC(=O)c1cc(-c2ccc(Br)s2)ncc1O,1.0,1,-0.1445892241000024
3779,1094,,3778,1094,c1(c(cc(nc1)c1cccs1)C(=O)OCC)O.[Br+],CCOC(=O)c1c(O)cnc(-c2cccs2)c1Br,0.0,1,-0.1192845603730035
3780,1095,,3779,1095,c1(c(cc(nc1)c1cccs1)C(=O)OCC)O.[Br+],CCOC(=O)c1cc(-c2cccs2)nc(Br)c1O,0.0,1,-0.1088224635709949
3781,1096,,3780,1096,c1(c(cc(nc1)c1cccs1)C(=O)OCC)O.[Br+],CCOC(=O)c1cc(-c2sccc2Br)ncc1O,0.0,1,-0.13923852469499565
2752,67,,2751,67,n1(ccnc1)C.[Br+],Cn1cncc1Br,1.0,1,-0.13587053622599754
2753,68,,2752,68,n1(ccnc1)C.[Br+],Cn1cnc(Br)c1,1.0,1,-0.13551413967799775
2754,69,,2753,69,n1(ccnc1)C.[Br+],Cn1ccnc1Br,0.0,1,-0.13074793714299915
2816,131,,2815,131,n1c(cc(nc1)N1CCC(CC1)C(=O)OCC)Oc1cc(nn1C)C(F)(F)F.[Br+],CCOC(=O)C1CCN(c2ncnc(Oc3cc(C(F)(F)F)nn3C)c2Br)CC1,1.0,1,-0.13942235590999985
2817,132,,2816,132,n1c(cc(nc1)N1CCC(CC1)C(=O)OCC)Oc1cc(nn1C)C(F)(F)F.[Br+],CCOC(=O)C1CCN(c2cc(Oc3cc(C(F)(F)F)nn3C)nc(Br)n2)CC1,0.0,1,-0.07005729145700457
2818,133,,2817,133,n1c(cc(nc1)N1CCC(CC1)C(=O)OCC)Oc1cc(nn1C)C(F)(F)F.[Br+],CCOC(=O)C1CCN(c2cc(Oc3c(Br)c(C(F)(F)F)nn3C)ncn2)CC1,0.0,1,-0.1198071068629929
2852,167,,2851,167,c1n2ccncc2nc1.[Br+],Brc1cnc2cnccn12,1.0,1,-0.12951001601599899
2853,168,,2852,168,c1n2ccncc2nc1.[Br+],Brc1cncc2nccn12,0.0,1,-0.10511630182299925
2854,169,,2853,169,c1n2ccncc2nc1.[Br+],Brc1cn2ccnc2cn1,0.0,1,-0.09709087934800209
2855,170,,2854,170,c1n2ccncc2nc1.[Br+],Brc1cn2ccncc2n1,0.0,1,-0.10615396627800067
2856,171,,2855,171,c1n2ccncc2nc1.[Br+],Brc1nccn2ccnc12,0.0,1,-0.09349889047599902
2857,172,,2856,172,c1cn2ccnc2c(n1)N1CCN(CC1)C.[Br+],CN1CCN(c2nc(Br)cn3ccnc23)CC1,0.0,1,-0.10807658694400146
2858,173,,2857,173,c1cn2ccnc2c(n1)N1CCN(CC1)C.[Br+],CN1CCN(c2ncc(Br)n3ccnc23)CC1,1.0,1,-0.15659379726099587
2859,174,,2858,174,c1cn2ccnc2c(n1)N1CCN(CC1)C.[Br+],CN1CCN(c2nccn3c(Br)cnc23)CC1,0.0,1,-0.14243664733400152
2860,175,,2859,175,c1cn2ccnc2c(n1)N1CCN(CC1)C.[Br+],CN1CCN(c2nccn3cc(Br)nc23)CC1,0.0,1,-0.1315624243769946
2861,176,,2860,176,c1n2ccnc(c2nc1)Cl.[Br+],Clc1nccn2c(Br)cnc12,1.0,1,-0.12355482420900188
2862,177,,2861,177,c1n2ccnc(c2nc1)Cl.[Br+],Clc1ncc(Br)n2ccnc12,0.0,1,-0.10606715189599925
2863,178,,2862,178,c1n2ccnc(c2nc1)Cl.[Br+],Clc1nc(Br)cn2ccnc12,0.0,1,-0.09186248735599989
2864,179,,2863,179,c1n2ccnc(c2nc1)Cl.[Br+],Clc1nccn2cc(Br)nc12,0.0,1,-0.1035270724699977
2865,180,,2864,180,c1ccnn2c1nnc2.[Br+],Brc1ccnn2cnnc12,0.0,1,-0.07701194776100095
2866,181,,2865,181,c1ccnn2c1nnc2.[Br+],Brc1cnn2cnnc2c1,0.0,1,-0.09001138685700028
2867,182,,2866,182,c1ccnn2c1nnc2.[Br+],Brc1ccc2nncn2n1,0.0,1,-0.06790909683699908
2868,183,,2867,183,c1ccnn2c1nnc2.[Br+],Brc1nnc2cccnn12,1.0,1,-0.1032935047070005
2932,247,,2931,247,n1(ccnc1I)C.[Br+],Cn1c(Br)cnc1I,1.0,1,-0.12376965131799977
2933,248,,2932,248,n1(ccnc1I)C.[Br+],Cn1cc(Br)nc1I,1.0,1,-0.12191072994400187
3036,351,,3035,351,c1c(cn2c(c1)ncc2c1nccc(n1)NCC(C)(C)C)C#N.[Br+],CC(C)(C)CNc1ccnc(-c2cnc3cc(Br)c(C#N)cn23)n1,0.0,1,-0.11113286285899449
3037,352,,3036,352,c1c(cn2c(c1)ncc2c1nccc(n1)NCC(C)(C)C)C#N.[Br+],CC(C)(C)CNc1ccnc(-c2cnc3c(Br)cc(C#N)cn23)n1,0.0,1,-0.10252880742299908
3038,353,,3037,353,c1c(cn2c(c1)ncc2c1nccc(n1)NCC(C)(C)C)C#N.[Br+],CC(C)(C)CNc1cc(Br)nc(-c2cnc3ccc(C#N)cn23)n1,0.0,1,-0.08119622096899803
3039,354,,3038,354,c1c(cn2c(c1)ncc2c1nccc(n1)NCC(C)(C)C)C#N.[Br+],CC(C)(C)CNc1nc(-c2cnc3ccc(C#N)cn23)ncc1Br,1.0,1,-0.13700099379800434
3040,355,,3039,355,c1c(cn2c(c1)ncc2c1nccc(n1)NCC(C)(C)C)C#N.[Br+],CC(C)(C)CNc1ccnc(-c2cnc3ccc(C#N)c(Br)n23)n1,0.0,1,-0.1086110484759999
3041,356,,3040,356,c1c(cn2c(c1)ncc2c1nccc(n1)NCC(C)(C)C)C#N.[Br+],CC(C)(C)CNc1ccnc(-c2c(Br)nc3ccc(C#N)cn23)n1,0.0,1,-0.11286524224000516
3042,357,,3041,357,n1c(nc(cc1)N1CCCCC1)C(C)C.[Br+],CC(C)c1ncc(Br)c(N2CCCCC2)n1,1.0,1,-0.14381383106699985
3043,358,,3042,358,n1c(nc(cc1)N1CCCCC1)C(C)C.[Br+],CC(C)c1nc(Br)cc(N2CCCCC2)n1,0.0,1,-0.0911227249689972
3051,366,,3050,366,n1c(cc(nc1)NC)N1CCOCC1.[Br+],CNc1ncnc(N2CCOCC2)c1Br,1.0,1,-0.16104763472299766
3052,367,,3051,367,n1c(cc(nc1)NC)N1CCOCC1.[Br+],CNc1cc(N2CCOCC2)nc(Br)n1,0.0,1,-0.08652466915999923
3083,398,,3082,398,n1ccc(nc1Nc1ccc(cc1)C#N)Nc1c(cc(cc1C)/C=C/C#N)C.[Br+],Cc1cc(/C=C/C#N)cc(C)c1Nc1ccnc(Nc2ccc(C#N)c(Br)c2)n1,1.0,1,-0.17162122611399866
3084,399,,3083,399,n1ccc(nc1Nc1ccc(cc1)C#N)Nc1c(cc(cc1C)/C=C/C#N)C.[Br+],Cc1cc(/C=C/C#N)cc(C)c1Nc1ccnc(Nc2ccc(C#N)cc2Br)n1,0.0,1,-0.12808899910999116
3085,400,,3084,400,n1ccc(nc1Nc1ccc(cc1)C#N)Nc1c(cc(cc1C)/C=C/C#N)C.[Br+],Cc1cc(/C=C/C#N)cc(C)c1Nc1cc(Br)nc(Nc2ccc(C#N)cc2)n1,0.0,1,-0.08576651055000184
3086,401,,3085,401,n1ccc(nc1Nc1ccc(cc1)C#N)Nc1c(cc(cc1C)/C=C/C#N)C.[Br+],Cc1cc(/C=C/C#N)cc(C)c1Nc1nc(Nc2ccc(C#N)cc2)ncc1Br,0.0,1,-0.13802703892399393
3087,402,,3086,402,n1ccc(nc1Nc1ccc(cc1)C#N)Nc1c(cc(cc1C)/C=C/C#N)C.[Br+],Cc1cc(/C=C/C#N)cc(C)c1Nc1ccnc(Nc2ccc(C#N)cc2Br)n1,1.0,1,-0.16735455371700425
3088,403,,3087,403,n1ccc(nc1Nc1ccc(cc1)C#N)Nc1c(cc(cc1C)/C=C/C#N)C.[Br+],Cc1cc(/C=C/C#N)cc(C)c1Nc1ccnc(Nc2ccc(C#N)c(Br)c2)n1,1.0,1,-0.17177427244899945
3089,404,,3088,404,n1ccc(nc1Nc1ccc(cc1)C#N)Nc1c(cc(cc1C)/C=C/C#N)C.[Br+],Cc1cc(/C=C/C#N)c(Br)c(C)c1Nc1ccnc(Nc2ccc(C#N)cc2)n1,0.0,1,-0.12970952962800197
3090,405,,3089,405,n1ccc(nc1Nc1ccc(cc1)C#N)Nc1c(cc(cc1C)/C=C/C#N)C.[Br+],Cc1cc(/C=C/C#N)c(Br)c(C)c1Nc1ccnc(Nc2ccc(C#N)cc2)n1,0.0,1,-0.1279050113659963
3137,452,,3136,452,c1(cn2c(c(n1)Br)ncc2)Br.[Br+],Brc1cn2cc(Br)nc2c(Br)n1,1.0,1,-0.08057686102400297
3138,453,,3137,453,c1(cn2c(c(n1)Br)ncc2)Br.[Br+],Brc1cn2c(Br)cnc2c(Br)n1,1.0,1,-0.07613282708300062
3139,454,,3138,454,c1(cn2c(c(n1)Br)ncc2)Br.[Br+],Brc1nc(Br)c2nccn2c1Br,1.0,1,-0.07875647509399997
3140,455,,3139,455,c1c(n2c(c(n1)Cl)ncc2)C.[Br+],Cc1cnc(Cl)c2nc(Br)cn12,0.0,1,-0.10641697541200301
3141,456,,3140,456,c1c(n2c(c(n1)Cl)ncc2)C.[Br+],Cc1cnc(Cl)c2ncc(Br)n12,1.0,1,-0.13037188274500267
3142,457,,3141,457,c1c(n2c(c(n1)Cl)ncc2)C.[Br+],Cc1c(Br)nc(Cl)c2nccn12,0.0,1,-0.10711897586700303
3159,474,,3158,474,c1nn2c(cc1c1ncccc1C(F)(F)F)nnc2.[Br+],FC(F)(F)c1ccc(Br)nc1-c1cnn2cnnc2c1,0.0,1,-0.07017230022599819
3160,475,,3159,475,c1nn2c(cc1c1ncccc1C(F)(F)F)nnc2.[Br+],FC(F)(F)c1cc(Br)cnc1-c1cnn2cnnc2c1,0.0,1,-0.09039539485200265
3161,476,,3160,476,c1nn2c(cc1c1ncccc1C(F)(F)F)nnc2.[Br+],FC(F)(F)c1cccnc1-c1cc2nncn2nc1Br,1.0,1,-0.14423679670099432
3162,477,,3161,477,c1nn2c(cc1c1ncccc1C(F)(F)F)nnc2.[Br+],FC(F)(F)c1cccnc1-c1cnn2cnnc2c1Br,0.0,1,-0.08050440071699683
3163,478,,3162,478,c1nn2c(cc1c1ncccc1C(F)(F)F)nnc2.[Br+],FC(F)(F)c1c(Br)ccnc1-c1cnn2cnnc2c1,0.0,1,-0.06672554185299617
3164,479,,3163,479,c1nn2c(cc1c1ncccc1C(F)(F)F)nnc2.[Br+],FC(F)(F)c1cccnc1-c1cnn2c(Br)nnc2c1,0.0,1,-0.09893952767600211
3270,585,,3269,585,c1(c(cc2n(c1)cnn2)CO[Si](C(C)(C)C)(C)C)C1CC1.[Br+],CC(C)(C)[Si](C)(C)OCc1c(C2CC2)cn2cnnc2c1Br,0.0,1,-0.12039274481200124
3271,586,,3270,586,c1(c(cc2n(c1)cnn2)CO[Si](C(C)(C)C)(C)C)C1CC1.[Br+],CC(C)(C)[Si](C)(C)OCc1cc2nncn2c(Br)c1C1CC1,0.0,1,-0.1224909898440032
3272,587,,3271,587,c1(c(cc2n(c1)cnn2)CO[Si](C(C)(C)C)(C)C)C1CC1.[Br+],CC(C)(C)[Si](C)(C)OCc1cc2nnc(Br)n2cc1C1CC1,1.0,1,-0.130158455241002
3284,599,,3283,599,c1cn2c(c(c1N1CCC(CC1)c1ccccc1)C#N)nnc2.[Br+],N#Cc1c(N2CCC(c3ccccc3)CC2)c(Br)cn2cnnc12,0.0,1,-0.1073095254649985
3285,600,,3284,600,c1cn2c(c(c1N1CCC(CC1)c1ccccc1)C#N)nnc2.[Br+],N#Cc1c(N2CCC(c3ccccc3)CC2)cc(Br)n2cnnc12,0.0,1,-0.09299512771099927
3286,601,,3285,601,c1cn2c(c(c1N1CCC(CC1)c1ccccc1)C#N)nnc2.[Br+],N#Cc1c(N2CCC(c3cccc(Br)c3)CC2)ccn2cnnc12,1.0,1,-0.12304092090399621
3287,602,,3286,602,c1cn2c(c(c1N1CCC(CC1)c1ccccc1)C#N)nnc2.[Br+],N#Cc1c(N2CCC(c3ccc(Br)cc3)CC2)ccn2cnnc12,1.0,1,-0.12598060343100315
3288,603,,3287,603,c1cn2c(c(c1N1CCC(CC1)c1ccccc1)C#N)nnc2.[Br+],N#Cc1c(N2CCC(c3cccc(Br)c3)CC2)ccn2cnnc12,0.0,1,-0.12167546911999949
3289,604,,3288,604,c1cn2c(c(c1N1CCC(CC1)c1ccccc1)C#N)nnc2.[Br+],N#Cc1c(N2CCC(c3ccccc3Br)CC2)ccn2cnnc12,1.0,1,-0.12380170021099701
3290,605,,3289,605,c1cn2c(c(c1N1CCC(CC1)c1ccccc1)C#N)nnc2.[Br+],N#Cc1c(N2CCC(c3ccccc3Br)CC2)ccn2cnnc12,1.0,1,-0.12761908465299854
3291,606,,3290,606,c1cn2c(c(c1N1CCC(CC1)c1ccccc1)C#N)nnc2.[Br+],N#Cc1c(N2CCC(c3ccccc3)CC2)ccn2c(Br)nnc12,1.0,1,-0.12730648964299718
3292,607,,3291,607,c1cn(c(n1)C)C.[Br+],Cc1nc(Br)cn1C,1.0,1,-0.14284326865499963
3293,608,,3292,608,c1cn(c(n1)C)C.[Br+],Cc1ncc(Br)n1C,1.0,1,-0.14639543680299738
3294,609,,3293,609,c1cn(c(n1)Br)C.[Br+],Cn1cc(Br)nc1Br,1.0,1,-0.12169605949200246
3295,610,,3294,610,c1cn(c(n1)Br)C.[Br+],Cn1c(Br)cnc1Br,1.0,1,-0.12305979348199969
3296,611,,3295,611,c1cn(c(n1)SC)C.[Br+],CSc1nc(Br)cn1C,0.0,1,-0.13756907198699864
3297,612,,3296,612,c1cn(c(n1)SC)C.[Br+],CSc1ncc(Br)n1C,1.0,1,-0.14502712407499985
3298,613,,3297,613,c1cn(c(n1)C=O)C.[Br+],Cn1cc(Br)nc1C=O,1.0,1,-0.11577618719099902
3299,614,,3298,614,c1cn(c(n1)C=O)C.[Br+],Cn1c(Br)cnc1C=O,1.0,1,-0.11469238910699886
3308,623,,3307,623,c1cn(c(n1)C1CC1)C.[Br+],Cn1cc(Br)nc1C1CC1,0.0,1,-0.14234454018599862
3309,624,,3308,624,c1cn(c(n1)C1CC1)C.[Br+],Cn1c(Br)cnc1C1CC1,1.0,1,-0.14931580358799934
3310,625,,3309,625,c1cn(c(n1)N(=O)=O)C.[Br+],Cn1cc(Br)nc1[N+](=O)[O-],1.0,1,-0.1030404917540011
3311,626,,3310,626,c1cn(c(n1)N(=O)=O)C.[Br+],Cn1c(Br)cnc1[N+](=O)[O-],1.0,1,-0.10127075556700049
3312,627,,3311,627,c1cn(c(n1)C(=O)C)C.[Br+],CC(=O)c1nc(Br)cn1C,1.0,1,-0.12200915380200072
3313,628,,3312,628,c1cn(c(n1)C(=O)C)C.[Br+],CC(=O)c1ncc(Br)n1C,1.0,1,-0.12205718225600037
3314,629,,3313,629,c1cn(c(n1)C)CCOC.[Br+],COCCn1cc(Br)nc1C,0.0,1,-0.14208218934400207
3315,630,,3314,630,c1cn(c(n1)C)CCOC.[Br+],COCCn1c(Br)cnc1C,1.0,1,-0.1481651295109998
3355,670,,3354,670,c1cn(c(n1)c1ccncc1)C.[Br+],Cn1cc(Br)nc1-c1ccncc1,1.0,1,-0.13006417569899753
3356,671,,3355,671,c1cn(c(n1)c1ccncc1)C.[Br+],Cn1c(Br)cnc1-c1ccncc1,1.0,1,-0.13436210902700196
3357,672,,3356,672,c1cn(c(n1)c1ccncc1)C.[Br+],Cn1ccnc1-c1ccnc(Br)c1,0.0,1,-0.09741880414500059
3358,673,,3357,673,c1cn(c(n1)c1ccncc1)C.[Br+],Cn1ccnc1-c1ccncc1Br,0.0,1,-0.1220264552920014
3359,674,,3358,674,c1cn(c(n1)c1ccncc1)C.[Br+],Cn1ccnc1-c1ccncc1Br,0.0,1,-0.12205764492200188
3360,675,,3359,675,c1cn(c(n1)c1ccncc1)C.[Br+],Cn1ccnc1-c1ccnc(Br)c1,0.0,1,-0.09875113908200461
3361,676,,3360,676,c1cn(c(n1)c1ccc(cc1)OC)C.[Br+],COc1ccc(-c2nc(Br)cn2C)cc1,0.0,1,-0.13961066747300066
3362,677,,3361,677,c1cn(c(n1)c1ccc(cc1)OC)C.[Br+],COc1ccc(-c2ncc(Br)n2C)cc1,1.0,1,-0.14893555028699978
3363,678,,3362,678,c1cn(c(n1)c1ccc(cc1)OC)C.[Br+],COc1ccc(-c2nccn2C)cc1Br,0.0,1,-0.13646012280599962
3364,679,,3363,679,c1cn(c(n1)c1ccc(cc1)OC)C.[Br+],COc1ccc(-c2nccn2C)c(Br)c1,0.0,1,-0.13277078182100155
3365,680,,3364,680,c1cn(c(n1)c1ccc(cc1)OC)C.[Br+],COc1ccc(-c2nccn2C)c(Br)c1,0.0,1,-0.13276124722600002
3366,681,,3365,681,c1cn(c(n1)c1ccc(cc1)OC)C.[Br+],COc1ccc(-c2nccn2C)cc1Br,0.0,1,-0.13652136547699456
3377,692,,3376,692,c1cn(c(n1)C)c1cc(=O)n(nc1)C.[Br+],Cc1nc(Br)cn1-c1cnn(C)c(=O)c1,0.0,1,-0.12507977258599823
3378,693,,3377,693,c1cn(c(n1)C)c1cc(=O)n(nc1)C.[Br+],Cc1ncc(Br)n1-c1cnn(C)c(=O)c1,1.0,1,-0.131327842076999
3379,694,,3378,694,c1cn(c(n1)C)c1cc(=O)n(nc1)C.[Br+],Cc1nccn1-c1cnn(C)c(=O)c1Br,0.0,1,-0.11727857309100642
3380,695,,3379,695,c1cn(c(n1)C)c1cc(=O)n(nc1)C.[Br+],Cc1nccn1-c1cc(=O)n(C)nc1Br,0.0,1,-0.0999973966010046
3381,696,,3380,696,c1cn(c(n1)C#Cc1ccn2c(c1)ncc2)CCO[Si](C(C)(C)C)(C)C.[Br+],CC(C)(C)[Si](C)(C)OCCn1cc(Br)nc1C#Cc1ccn2ccnc2c1,0.0,1,-0.1369800216550061
3382,697,,3381,697,c1cn(c(n1)C#Cc1ccn2c(c1)ncc2)CCO[Si](C(C)(C)C)(C)C.[Br+],CC(C)(C)[Si](C)(C)OCCn1c(Br)cnc1C#Cc1ccn2ccnc2c1,0.0,1,-0.14406281667899634
3383,698,,3382,698,c1cn(c(n1)C#Cc1ccn2c(c1)ncc2)CCO[Si](C(C)(C)C)(C)C.[Br+],CC(C)(C)[Si](C)(C)OCCn1ccnc1C#Cc1cc2nccn2cc1Br,0.0,1,-0.12205234340599702
3384,699,,3383,699,c1cn(c(n1)C#Cc1ccn2c(c1)ncc2)CCO[Si](C(C)(C)C)(C)C.[Br+],CC(C)(C)[Si](C)(C)OCCn1ccnc1C#Cc1cc(Br)n2ccnc2c1,0.0,1,-0.11896580424300396
3385,700,,3384,700,c1cn(c(n1)C#Cc1ccn2c(c1)ncc2)CCO[Si](C(C)(C)C)(C)C.[Br+],CC(C)(C)[Si](C)(C)OCCn1ccnc1C#Cc1ccn2cc(Br)nc2c1,0.0,1,-0.12365434170901324
3386,701,,3385,701,c1cn(c(n1)C#Cc1ccn2c(c1)ncc2)CCO[Si](C(C)(C)C)(C)C.[Br+],CC(C)(C)[Si](C)(C)OCCn1ccnc1C#Cc1ccn2c(Br)cnc2c1,1.0,1,-0.15312101169199366
3387,702,,3386,702,c1cn(c(n1)C#Cc1ccn2c(c1)ncc2)CCO[Si](C(C)(C)C)(C)C.[Br+],CC(C)(C)[Si](C)(C)OCCn1ccnc1C#Cc1ccn2ccnc2c1Br,0.0,1,-0.1363149687449976
3437,752,,3436,752,n1c(cc2n(c1c1cn(nc1)C(CC#N)C1CC1)ccn2)c1cnn(c1)C.[Br+],Cn1cc(-c2cc3ncc(Br)n3c(-c3cnn(C(CC#N)C4CC4)c3)n2)cn1,1.0,1,-0.1482743553009982
3438,753,,3437,753,n1c(cc2n(c1c1cn(nc1)C(CC#N)C1CC1)ccn2)c1cnn(c1)C.[Br+],Cn1cc(-c2cc3nc(Br)cn3c(-c3cnn(C(CC#N)C4CC4)c3)n2)cn1,0.0,1,-0.11554096634600342
2686,1,,2685,1,n1ccc[nH]1.[Br+],Brc1ccn[nH]1,0.0,1,-0.11767666107899899
2687,2,,2686,2,n1ccc[nH]1.[Br+],Brc1cc[nH]n1,0.0,1,-0.12016003522700025
2703,18,,2702,18,c1cc(n[nH]1)c1ccc(c(c1)OC)[N+](=O)[O-].[Br+],COc1cc(-c2cc(Br)[nH]n2)ccc1[N+](=O)[O-],0.0,1,-0.11158440448100038
2704,19,,2703,19,c1cc(n[nH]1)c1ccc(c(c1)OC)[N+](=O)[O-].[Br+],COc1cc(-c2n[nH]cc2Br)ccc1[N+](=O)[O-],1.0,1,-0.12883771208600336
2705,20,,2704,20,c1cc(n[nH]1)c1ccc(c(c1)OC)[N+](=O)[O-].[Br+],COc1cc(-c2cc[nH]n2)c(Br)cc1[N+](=O)[O-],1.0,1,-0.12688022353899697
2706,21,,2705,21,c1cc(n[nH]1)c1ccc(c(c1)OC)[N+](=O)[O-].[Br+],COc1cc(-c2cc[nH]n2)cc(Br)c1[N+](=O)[O-],0.0,1,-0.10030126968199937
2707,22,,2706,22,c1cc(n[nH]1)c1ccc(c(c1)OC)[N+](=O)[O-].[Br+],COc1c([N+](=O)[O-])ccc(-c2cc[nH]n2)c1Br,1.0,1,-0.12996079998600152
2735,50,,2734,50,c1ccns1.[Br+],Brc1ccns1,1.0,1,-0.11726914743199934
2736,51,,2735,51,c1ccns1.[Br+],Brc1cnsc1,1.0,1,-0.11761253514399961
2737,52,,2736,52,c1ccns1.[Br+],Brc1ccsn1,0.0,1,-0.11167945349099995
2794,109,,2793,109,c1nc(cc(c1)c1cnccc1)NC(=O)NCC.[Br+],CCNC(=O)Nc1cc(-c2cncc(Br)c2)ccn1,0.0,1,-0.10512527403599847
2795,110,,2794,110,c1nc(cc(c1)c1cnccc1)NC(=O)NCC.[Br+],CCNC(=O)Nc1cc(-c2cnccc2Br)ccn1,0.0,1,-0.09995252692500145
2796,111,,2795,111,c1nc(cc(c1)c1cnccc1)NC(=O)NCC.[Br+],CCNC(=O)Nc1cc(-c2cccnc2)cc(Br)n1,0.0,1,-0.09621989656099572
2797,112,,2796,112,c1nc(cc(c1)c1cnccc1)NC(=O)NCC.[Br+],CCNC(=O)Nc1nccc(-c2cccnc2)c1Br,0.0,1,-0.11800628371199906
2798,113,,2797,113,c1nc(cc(c1)c1cnccc1)NC(=O)NCC.[Br+],CCNC(=O)Nc1cc(-c2cccnc2)c(Br)cn1,1.0,1,-0.12736913329399613
2799,114,,2798,114,c1nc(cc(c1)c1cnccc1)NC(=O)NCC.[Br+],CCNC(=O)Nc1cc(-c2cccnc2Br)ccn1,0.0,1,-0.10120166525300078
2800,115,,2799,115,c1nc(cc(c1)c1cnccc1)NC(=O)NCC.[Br+],CCNC(=O)Nc1cc(-c2ccc(Br)nc2)ccn1,0.0,1,-0.10160354882399503
2839,154,,2838,154,c1ccc2c(c1)cc[nH]2.[Br+],Brc1ccc2[nH]ccc2c1,0.0,1,-0.1430172671250034
2840,155,,2839,155,c1ccc2c(c1)cc[nH]2.[Br+],Brc1ccc2cc[nH]c2c1,0.0,1,-0.14285763487099956
2841,156,,2840,156,c1ccc2c(c1)cc[nH]2.[Br+],Brc1c[nH]c2ccccc12,1.0,1,-0.1582815716729975
2842,157,,2841,157,c1ccc2c(c1)cc[nH]2.[Br+],Brc1cc2ccccc2[nH]1,0.0,1,-0.14313377761400048
2843,158,,2842,158,c1ccc2c(c1)cc[nH]2.[Br+],Brc1cccc2cc[nH]c12,0.0,1,-0.14095431765400335
2844,159,,2843,159,c1ccc2c(c1)cc[nH]2.[Br+],Brc1cccc2[nH]ccc12,0.0,1,-0.14412072648600116
2885,200,,2884,200,c1c[nH]nc1c1ccc(cc1)[N+](=O)[O-].[Br+],O=[N+]([O-])c1ccc(-c2n[nH]cc2Br)cc1,1.0,1,-0.12871952894499827
2886,201,,2885,201,c1c[nH]nc1c1ccc(cc1)[N+](=O)[O-].[Br+],O=[N+]([O-])c1ccc(-c2cc(Br)[nH]n2)cc1,0.0,1,-0.11174805703199553
2887,202,,2886,202,c1c[nH]nc1c1ccc(cc1)[N+](=O)[O-].[Br+],O=[N+]([O-])c1ccc(-c2cc[nH]n2)cc1Br,0.0,1,-0.09929773337800185
2888,203,,2887,203,c1c[nH]nc1c1ccc(cc1)[N+](=O)[O-].[Br+],O=[N+]([O-])c1ccc(-c2cc[nH]n2)c(Br)c1,0.0,1,-0.11427818858999927
2889,204,,2888,204,c1c[nH]nc1c1ccc(cc1)[N+](=O)[O-].[Br+],O=[N+]([O-])c1ccc(-c2cc[nH]n2)c(Br)c1,0.0,1,-0.11290089204799614
2890,205,,2889,205,c1c[nH]nc1c1ccc(cc1)[N+](=O)[O-].[Br+],O=[N+]([O-])c1ccc(-c2cc[nH]n2)cc1Br,0.0,1,-0.09928471035500053
2891,206,,2890,206,c1c(c2cc(sc2)C)n[nH]c1.[Br+],Cc1cc(-c2n[nH]cc2Br)cs1,0.0,1,-0.14126525812799784
2892,207,,2891,207,c1c(c2cc(sc2)C)n[nH]c1.[Br+],Cc1cc(-c2cc(Br)[nH]n2)cs1,0.0,1,-0.11888029601200145
2893,208,,2892,208,c1c(c2cc(sc2)C)n[nH]c1.[Br+],Cc1scc(-c2cc[nH]n2)c1Br,0.0,1,-0.14828861622600087
2894,209,,2893,209,c1c(c2cc(sc2)C)n[nH]c1.[Br+],Cc1cc(-c2cc[nH]n2)c(Br)s1,1.0,1,-0.16043123986899843
2923,238,,2922,238,c1c(c2c[nH]nc2c2ccc(cc2)F)ccnc1.[Br+],Fc1ccc(-c2n[nH]cc2-c2ccncc2)cc1Br,0.0,1,-0.11128995653299967
2924,239,,2923,239,c1c(c2c[nH]nc2c2ccc(cc2)F)ccnc1.[Br+],Fc1ccc(-c2n[nH]cc2-c2ccncc2)c(Br)c1,1.0,1,-0.11884985905600587
2925,240,,2924,240,c1c(c2c[nH]nc2c2ccc(cc2)F)ccnc1.[Br+],Fc1ccc(-c2n[nH]cc2-c2ccncc2Br)cc1,1.0,1,-0.11789312510200034
2926,241,,2925,241,c1c(c2c[nH]nc2c2ccc(cc2)F)ccnc1.[Br+],Fc1ccc(-c2n[nH]cc2-c2ccnc(Br)c2)cc1,0.0,1,-0.09790079468999835
2927,242,,2926,242,c1c(c2c[nH]nc2c2ccc(cc2)F)ccnc1.[Br+],Fc1ccc(-c2n[nH]cc2-c2ccncc2Br)cc1,1.0,1,-0.11791756932800013
2928,243,,2927,243,c1c(c2c[nH]nc2c2ccc(cc2)F)ccnc1.[Br+],Fc1ccc(-c2n[nH]c(Br)c2-c2ccncc2)cc1,1.0,1,-0.11622979194900296
2929,244,,2928,244,c1c(c2c[nH]nc2c2ccc(cc2)F)ccnc1.[Br+],Fc1ccc(-c2n[nH]cc2-c2ccncc2)c(Br)c1,1.0,1,-0.11883937842799952
2930,245,,2929,245,c1c(c2c[nH]nc2c2ccc(cc2)F)ccnc1.[Br+],Fc1ccc(-c2n[nH]cc2-c2ccncc2)cc1Br,0.0,1,-0.1113905574700027
2931,246,,2930,246,c1c(c2c[nH]nc2c2ccc(cc2)F)ccnc1.[Br+],Fc1ccc(-c2n[nH]cc2-c2ccnc(Br)c2)cc1,0.0,1,-0.09787598894799743
2950,265,,2949,265,c1scc(n1)C.[Br+],Cc1csc(Br)n1,0.0,1,-0.12115633289000272
2951,266,,2950,266,c1scc(n1)C.[Br+],Cc1ncsc1Br,1.0,1,-0.13254799864499844
2984,299,,2983,299,c1c(cc2c(c1)N(C(=O)C12COc2c1cccn2)CCCCC)Cl.[Br+],CCCCCN1C(=O)C2(COc3nccc(Br)c32)c2cc(Cl)ccc21,0.0,1,-0.09560308721299293
2985,300,,2984,300,c1c(cc2c(c1)N(C(=O)C12COc2c1cccn2)CCCCC)Cl.[Br+],CCCCCN1C(=O)C2(COc3ncc(Br)cc32)c2cc(Cl)ccc21,1.0,1,-0.11731910687799996
2986,301,,2985,301,c1c(cc2c(c1)N(C(=O)C12COc2c1cccn2)CCCCC)Cl.[Br+],CCCCCN1C(=O)C2(COc3ncccc32)c2cc(Cl)c(Br)cc21,1.0,1,-0.11341175104199408
2987,302,,2986,302,c1c(cc2c(c1)N(C(=O)C12COc2c1cccn2)CCCCC)Cl.[Br+],CCCCCN1C(=O)C2(COc3ncccc32)c2c1ccc(Cl)c2Br,0.0,1,-0.1078111639629924
2988,303,,2987,303,c1c(cc2c(c1)N(C(=O)C12COc2c1cccn2)CCCCC)Cl.[Br+],CCCCCN1C(=O)C2(COc3ncccc32)c2cc(Cl)cc(Br)c21,1.0,1,-0.11722682394000117
2989,304,,2988,304,c1c(cc2c(c1)N(C(=O)C12COc2c1cccn2)CCCCC)Cl.[Br+],CCCCCN1C(=O)C2(COc3nc(Br)ccc32)c2cc(Cl)ccc21,0.0,1,-0.10157478734500103
3003,318,,3002,318,c1nccc(c1)c1ccc(=O)[nH]c1.[Br+],O=c1ccc(-c2ccnc(Br)c2)c[nH]1,0.0,1,-0.09577638118199872
3004,319,,3003,319,c1nccc(c1)c1ccc(=O)[nH]c1.[Br+],O=c1ccc(-c2ccncc2Br)c[nH]1,0.0,1,-0.11649295964500084
3005,320,,3004,320,c1nccc(c1)c1ccc(=O)[nH]c1.[Br+],O=c1cc(Br)c(-c2ccncc2)c[nH]1,0.0,1,-0.09112833365200146
3006,321,,3005,321,c1nccc(c1)c1ccc(=O)[nH]c1.[Br+],O=c1[nH]cc(-c2ccncc2)cc1Br,1.0,1,-0.12334061772500604
3007,322,,3006,322,c1nccc(c1)c1ccc(=O)[nH]c1.[Br+],O=c1ccc(-c2ccnc(Br)c2)c[nH]1,0.0,1,-0.09582169205199875
3008,323,,3007,323,c1nccc(c1)c1ccc(=O)[nH]c1.[Br+],O=c1ccc(-c2ccncc2Br)c[nH]1,0.0,1,-0.11648603404299962
3009,324,,3008,324,c1nccc(c1)c1ccc(=O)[nH]c1.[Br+],O=c1ccc(-c2ccncc2)c(Br)[nH]1,0.0,1,-0.09663579763599728
3010,325,,3009,325,c1nccc(c1)c1ccc(=O)[nH]c1C.[Br+],Cc1[nH]c(=O)ccc1-c1ccnc(Br)c1,0.0,1,-0.09754630098500172
3011,326,,3010,326,c1nccc(c1)c1ccc(=O)[nH]c1C.[Br+],Cc1[nH]c(=O)ccc1-c1ccncc1Br,0.0,1,-0.1173913433490057
3012,327,,3011,327,c1nccc(c1)c1ccc(=O)[nH]c1C.[Br+],Cc1[nH]c(=O)cc(Br)c1-c1ccncc1,0.0,1,-0.09383659142899603
3013,328,,3012,328,c1nccc(c1)c1ccc(=O)[nH]c1C.[Br+],Cc1[nH]c(=O)c(Br)cc1-c1ccncc1,1.0,1,-0.13342567000299965
3014,329,,3013,329,c1nccc(c1)c1ccc(=O)[nH]c1C.[Br+],Cc1[nH]c(=O)ccc1-c1ccnc(Br)c1,0.0,1,-0.09754169891499487
3015,330,,3014,330,c1nccc(c1)c1ccc(=O)[nH]c1C.[Br+],Cc1[nH]c(=O)ccc1-c1ccncc1Br,0.0,1,-0.11737607783499726
3018,333,,3017,333,c1c([nH]c(=O)c(c1)Br)C.[Br+],Cc1[nH]c(=O)c(Br)cc1Br,1.0,1,-0.1242883359510003
3019,334,,3018,334,c1c([nH]c(=O)c(c1)Br)C.[Br+],Cc1cc(Br)c(Br)c(=O)[nH]1,0.0,1,-0.09287033770300113
3020,335,,3019,335,c1cc(c(=O)n(c1)C)C.[Br+],Cc1cc(Br)cn(C)c1=O,1.0,1,-0.13276327616599914
3021,336,,3020,336,c1cc(c(=O)n(c1)C)C.[Br+],Cc1ccc(Br)n(C)c1=O,0.0,1,-0.11117666031099915
3022,337,,3021,337,c1cc(c(=O)n(c1)C)C.[Br+],Cc1c(Br)ccn(C)c1=O,0.0,1,-0.11197983382999865
3027,342,,3026,342,c1(=O)[nH]cc(cc1)c1ncccn1.[Br+],O=c1cc(Br)c(-c2ncccn2)c[nH]1,0.0,1,-0.09070734986299556
3028,343,,3027,343,c1(=O)[nH]cc(cc1)c1ncccn1.[Br+],O=c1[nH]cc(-c2ncccn2)cc1Br,1.0,1,-0.12312820064000363
3029,344,,3028,344,c1(=O)[nH]cc(cc1)c1ncccn1.[Br+],O=c1ccc(-c2nccc(Br)n2)c[nH]1,0.0,1,-0.07243523086100367
3030,345,,3029,345,c1(=O)[nH]cc(cc1)c1ncccn1.[Br+],O=c1ccc(-c2ncc(Br)cn2)c[nH]1,0.0,1,-0.10994519790800439
3031,346,,3030,346,c1(=O)[nH]cc(cc1)c1ncccn1.[Br+],O=c1ccc(-c2ncccn2)c(Br)[nH]1,0.0,1,-0.09116677106400317
3032,347,,3031,347,c1(=O)[nH]cc(cc1)c1ncccn1.[Br+],O=c1ccc(-c2nccc(Br)n2)c[nH]1,0.0,1,-0.07241303318399872
3091,406,,3090,406,[nH]1cccnc1=O.[Br+],O=c1nccc(Br)[nH]1,0.0,1,-0.05965196567300168
3092,407,,3091,407,[nH]1cccnc1=O.[Br+],O=c1ncc(Br)c[nH]1,1.0,1,-0.10983366953900031
3093,408,,3092,408,[nH]1cccnc1=O.[Br+],O=c1nc(Br)cc[nH]1,0.0,1,-0.06179989239100081
3094,409,,3093,409,[nH]1c(=O)nc(cc1)C(F)(F)F.[Br+],O=c1nc(C(F)(F)F)c(Br)c[nH]1,1.0,1,-0.08911932854700666
3095,410,,3094,410,[nH]1c(=O)nc(cc1)C(F)(F)F.[Br+],O=c1nc(C(F)(F)F)cc(Br)[nH]1,0.0,1,-0.039693958478004276
3096,411,,3095,411,c1cnc(Nc2cccc(c2)Br)[nH]c1=O.[Br+],O=c1[nH]c(Nc2cccc(Br)c2)ncc1Br,0.0,1,-0.11405100288099845
3097,412,,3096,412,c1cnc(Nc2cccc(c2)Br)[nH]c1=O.[Br+],O=c1cc(Br)nc(Nc2cccc(Br)c2)[nH]1,0.0,1,-0.07767849288300255
3098,413,,3097,413,c1cnc(Nc2cccc(c2)Br)[nH]c1=O.[Br+],O=c1ccnc(Nc2cc(Br)cc(Br)c2)[nH]1,0.0,1,-0.10645560122199527
3099,414,,3098,414,c1cnc(Nc2cccc(c2)Br)[nH]c1=O.[Br+],O=c1ccnc(Nc2ccc(Br)c(Br)c2)[nH]1,1.0,1,-0.12413900336900241
3100,415,,3099,415,c1cnc(Nc2cccc(c2)Br)[nH]c1=O.[Br+],O=c1ccnc(Nc2cc(Br)ccc2Br)[nH]1,0.0,1,-0.11089213122299668
3101,416,,3100,416,c1cnc(Nc2cccc(c2)Br)[nH]c1=O.[Br+],O=c1ccnc(Nc2cccc(Br)c2Br)[nH]1,0.0,1,-0.10778147731599574
3102,417,,3101,417,[nH]1c(=O)ccnc1c1c(ccc(c1)Cl)OC.[Br+],COc1ccc(Cl)cc1-c1ncc(Br)c(=O)[nH]1,1.0,1,-0.13063309758499742
3103,418,,3102,418,[nH]1c(=O)ccnc1c1c(ccc(c1)Cl)OC.[Br+],COc1ccc(Cl)cc1-c1nc(Br)cc(=O)[nH]1,0.0,1,-0.07910240324699913
3104,419,,3103,419,[nH]1c(=O)ccnc1c1c(ccc(c1)Cl)OC.[Br+],COc1c(Br)cc(Cl)cc1-c1nccc(=O)[nH]1,0.0,1,-0.1185283155789989
3105,420,,3104,420,[nH]1c(=O)ccnc1c1c(ccc(c1)Cl)OC.[Br+],COc1cc(Br)c(Cl)cc1-c1nccc(=O)[nH]1,0.0,1,-0.11131953538900063
3106,421,,3105,421,[nH]1c(=O)ccnc1c1c(ccc(c1)Cl)OC.[Br+],COc1ccc(Cl)c(Br)c1-c1nccc(=O)[nH]1,0.0,1,-0.11280027324499997
3107,422,,3106,422,n1c(=O)cc([nH]c1)C.[Br+],Cc1[nH]cnc(=O)c1Br,1.0,1,-0.12630967693399953
3108,423,,3107,423,n1c(=O)cc([nH]c1)C.[Br+],Cc1cc(=O)nc(Br)[nH]1,0.0,1,-0.11168384719999835
3109,424,,3108,424,[nH]1cnc(cc1=O)N.[Br+],Nc1cc(=O)[nH]c(Br)n1,0.0,1,-0.06126923050100075
3110,425,,3109,425,[nH]1cnc(cc1=O)N.[Br+],Nc1nc[nH]c(=O)c1Br,1.0,1,-0.1466099723819987
3111,426,,3110,426,n1ccc(=O)[nH]c1.[Br+],O=c1cc(Br)nc[nH]1,0.0,1,-0.07068313411199867
3112,427,,3111,427,n1ccc(=O)[nH]c1.[Br+],O=c1[nH]cncc1Br,1.0,1,-0.1086427246330004
3113,428,,3112,428,n1ccc(=O)[nH]c1.[Br+],O=c1ccnc(Br)[nH]1,0.0,1,-0.05351074176899928
3114,429,,3113,429,N(c1nccc(=O)[nH]1)c1ccc(C(=O)O)cc1.[Br+],O=C(O)c1ccc(Nc2nc(Br)cc(=O)[nH]2)cc1,0.0,1,-0.078291108098
3115,430,,3114,430,N(c1nccc(=O)[nH]1)c1ccc(C(=O)O)cc1.[Br+],O=C(O)c1ccc(Nc2ncc(Br)c(=O)[nH]2)cc1,1.0,1,-0.13304739158600398
3116,431,,3115,431,N(c1nccc(=O)[nH]1)c1ccc(C(=O)O)cc1.[Br+],O=C(O)c1ccc(Nc2nccc(=O)[nH]2)cc1Br,0.0,1,-0.10836440145099857
3117,432,,3116,432,N(c1nccc(=O)[nH]1)c1ccc(C(=O)O)cc1.[Br+],O=C(O)c1ccc(Nc2nccc(=O)[nH]2)c(Br)c1,0.0,1,-0.12437241950799915
3118,433,,3117,433,N(c1nccc(=O)[nH]1)c1ccc(C(=O)O)cc1.[Br+],O=C(O)c1ccc(Nc2nccc(=O)[nH]2)c(Br)c1,0.0,1,-0.12433946627100312
3119,434,,3118,434,N(c1nccc(=O)[nH]1)c1ccc(C(=O)O)cc1.[Br+],O=C(O)c1ccc(Nc2nccc(=O)[nH]2)cc1Br,0.0,1,-0.10835853506599591
3253,568,,3252,568,c1ncc(n1c1ccc(cc1)Cl)c1c(cc(cc1F)F)F.[Br+],Fc1cc(F)c(-c2cncn2-c2ccc(Cl)c(Br)c2)c(F)c1,0.0,1,-0.10756993073000132
3254,569,,3253,569,c1ncc(n1c1ccc(cc1)Cl)c1c(cc(cc1F)F)F.[Br+],Fc1cc(F)c(-c2cncn2-c2ccc(Cl)cc2Br)c(F)c1,0.0,1,-0.10659014612499362
3255,570,,3254,570,c1ncc(n1c1ccc(cc1)Cl)c1c(cc(cc1F)F)F.[Br+],Fc1cc(F)c(-c2cnc(Br)n2-c2ccc(Cl)cc2)c(F)c1,0.0,1,-0.12160696118899494
3256,571,,3255,571,c1ncc(n1c1ccc(cc1)Cl)c1c(cc(cc1F)F)F.[Br+],Fc1cc(F)c(-c2c(Br)ncn2-c2ccc(Cl)cc2)c(F)c1,1.0,1,-0.12652633160300297
2694,9,,2693,9,n1ccc(n1c1c(cccc1)C)N.[Br+],Cc1c(Br)cccc1-n1nccc1N,0.0,1,-0.12593234053900204
2695,10,,2694,10,n1ccc(n1c1c(cccc1)C)N.[Br+],Cc1cc(Br)ccc1-n1nccc1N,0.0,1,-0.13016099714200635
2696,11,,2695,11,n1ccc(n1c1c(cccc1)C)N.[Br+],Cc1ccc(Br)cc1-n1nccc1N,0.0,1,-0.12556474711600174
2697,12,,2696,12,n1ccc(n1c1c(cccc1)C)N.[Br+],Cc1cccc(Br)c1-n1nccc1N,0.0,1,-0.12673309142700617
2698,13,,2697,13,n1ccc(n1c1c(cccc1)C)N.[Br+],Cc1ccccc1-n1nc(Br)cc1N,0.0,1,-0.13348682208900442
2699,14,,2698,14,n1ccc(n1c1c(cccc1)C)N.[Br+],Cc1ccccc1-n1ncc(Br)c1N,1.0,1,-0.16414619437600209
2700,15,,2699,15,n1c(cc(n1c1nnc(cc1)Cl)C)C.[Br+],Cc1cc(C)n(-c2cc(Br)c(Cl)nn2)n1,0.0,1,-0.09027809499299622
2701,16,,2700,16,n1c(cc(n1c1nnc(cc1)Cl)C)C.[Br+],Cc1cc(C)n(-c2nnc(Cl)cc2Br)n1,0.0,1,-0.09901540209399684
2702,17,,2701,17,n1c(cc(n1c1nnc(cc1)Cl)C)C.[Br+],Cc1nn(-c2ccc(Cl)nn2)c(C)c1Br,1.0,1,-0.14176492688999787
2708,23,,2707,23,c1(ccno1)C.[Br+],Cc1oncc1Br,1.0,1,-0.12095341899400225
2709,24,,2708,24,c1(ccno1)C.[Br+],Cc1cc(Br)no1,0.0,1,-0.09172286075300207
2720,35,,2719,35,c1(ccno1)c1c(cccc1)Br.[Br+],Brc1cccc(-c2ccno2)c1Br,0.0,1,-0.10754727096500005
2721,36,,2720,36,c1(ccno1)c1c(cccc1)Br.[Br+],Brc1ccc(-c2ccno2)c(Br)c1,0.0,1,-0.10891282574399952
2722,37,,2721,37,c1(ccno1)c1c(cccc1)Br.[Br+],Brc1ccc(Br)c(-c2ccno2)c1,0.0,1,-0.10861497466400039
2723,38,,2722,38,c1(ccno1)c1c(cccc1)Br.[Br+],Brc1cccc(Br)c1-c1ccno1,0.0,1,-0.10785556172000099
2724,39,,2723,39,c1(ccno1)c1c(cccc1)Br.[Br+],Brc1ccccc1-c1oncc1Br,1.0,1,-0.11410732804500157
2725,40,,2724,40,c1(ccno1)c1c(cccc1)Br.[Br+],Brc1cc(-c2ccccc2Br)on1,1.0,1,-0.11333580606800098
2738,53,,2737,53,c1cc(ns1)OC(=O)c1ccccc1.[Br+],O=C(Oc1cc(Br)sn1)c1ccccc1,0.0,1,-0.1067107770670006
2739,54,,2738,54,c1cc(ns1)OC(=O)c1ccccc1.[Br+],O=C(Oc1nscc1Br)c1ccccc1,1.0,1,-0.11451178967799791
2740,55,,2739,55,c1cc(ns1)OC(=O)c1ccccc1.[Br+],O=C(Oc1ccsn1)c1cccc(Br)c1,0.0,1,-0.10799051267699866
2741,56,,2740,56,c1cc(ns1)OC(=O)c1ccccc1.[Br+],O=C(Oc1ccsn1)c1ccc(Br)cc1,0.0,1,-0.10725647636500213
2742,57,,2741,57,c1cc(ns1)OC(=O)c1ccccc1.[Br+],O=C(Oc1ccsn1)c1cccc(Br)c1,0.0,1,-0.10749840274200295
2743,58,,2742,58,c1cc(ns1)OC(=O)c1ccccc1.[Br+],O=C(Oc1ccsn1)c1ccccc1Br,0.0,1,-0.10664696137799723
2744,59,,2743,59,c1cc(ns1)OC(=O)c1ccccc1.[Br+],O=C(Oc1ccsn1)c1ccccc1Br,0.0,1,-0.10663924965500371
2801,116,,2800,116,c1cnc(nc1)N.[Br+],Nc1ncc(Br)cn1,1.0,1,-0.12423541645900116
2802,117,,2801,117,c1cnc(nc1)N.[Br+],Nc1nccc(Br)n1,0.0,1,-0.079764743458
2803,118,,2802,118,c1cnc(nc1)N.[Br+],Nc1nccc(Br)n1,0.0,1,-0.07978485493899967
2827,142,,2826,142,c1cc(nnc1N)Cl.[Br+],Nc1nnc(Cl)cc1Br,1.0,1,-0.1079201699479988
2828,143,,2827,143,c1cc(nnc1N)Cl.[Br+],Nc1cc(Br)c(Cl)nn1,0.0,1,-0.09998031819000275
2829,144,,2828,144,c1cccc(c1C(F)(F)F)c1nnc(cc1)N.[Br+],Nc1ccc(-c2cccc(Br)c2C(F)(F)F)nn1,0.0,1,-0.10044855499399574
2830,145,,2829,145,c1cccc(c1C(F)(F)F)c1nnc(cc1)N.[Br+],Nc1ccc(-c2ccc(Br)cc2C(F)(F)F)nn1,1.0,1,-0.11432478156000059
2831,146,,2830,146,c1cccc(c1C(F)(F)F)c1nnc(cc1)N.[Br+],Nc1ccc(-c2cc(Br)ccc2C(F)(F)F)nn1,0.0,1,-0.10331474177500155
2832,147,,2831,147,c1cccc(c1C(F)(F)F)c1nnc(cc1)N.[Br+],Nc1ccc(-c2c(Br)cccc2C(F)(F)F)nn1,1.0,1,-0.11658201287399805
2833,148,,2832,148,c1cccc(c1C(F)(F)F)c1nnc(cc1)N.[Br+],Nc1nnc(-c2ccccc2C(F)(F)F)cc1Br,1.0,1,-0.11625852072300091
2834,149,,2833,149,c1cccc(c1C(F)(F)F)c1nnc(cc1)N.[Br+],Nc1cc(Br)c(-c2ccccc2C(F)(F)F)nn1,0.0,1,-0.10524337216500612
2967,282,,2966,282,c1cccc(n1)N.[Br+],Nc1cccc(Br)n1,0.0,1,-0.10721610242499935
2968,283,,2967,283,c1cccc(n1)N.[Br+],Nc1ccc(Br)cn1,1.0,1,-0.14127084985699767
2969,284,,2968,284,c1cccc(n1)N.[Br+],Nc1cc(Br)ccn1,0.0,1,-0.1056541306039982
2970,285,,2969,285,c1cccc(n1)N.[Br+],Nc1ncccc1Br,1.0,1,-0.1395971198930006
2971,286,,2970,286,c1c(ccnc1N)C(F)(F)F.[Br+],Nc1cc(C(F)(F)F)c(Br)cn1,1.0,1,-0.12093774929800105
2972,287,,2971,287,c1c(ccnc1N)C(F)(F)F.[Br+],Nc1cc(C(F)(F)F)cc(Br)n1,0.0,1,-0.0863159365590036
2973,288,,2972,288,c1c(ccnc1N)C(F)(F)F.[Br+],Nc1nccc(C(F)(F)F)c1Br,1.0,1,-0.11838840025399833
2980,295,,2979,295,c1c(nn(c1c1cnc(cc1)N)C)C(F)(F)F.[Br+],Cn1nc(C(F)(F)F)cc1-c1cnc(N)c(Br)c1,1.0,1,-0.13145155305200262
2981,296,,2980,296,c1c(nn(c1c1cnc(cc1)N)C)C(F)(F)F.[Br+],Cn1nc(C(F)(F)F)cc1-c1cnc(N)cc1Br,0.0,1,-0.1033816827609968
2982,297,,2981,297,c1c(nn(c1c1cnc(cc1)N)C)C(F)(F)F.[Br+],Cn1nc(C(F)(F)F)c(Br)c1-c1ccc(N)nc1,1.0,1,-0.12868401279399677
2983,298,,2982,298,c1c(nn(c1c1cnc(cc1)N)C)C(F)(F)F.[Br+],Cn1nc(C(F)(F)F)cc1-c1ccc(N)nc1Br,0.0,1,-0.1056034974550002
3175,490,,3174,490,c1ccc2c(c1)c(c[nH]2)c1cnco1.[Br+],Brc1ccc2[nH]cc(-c3cnco3)c2c1,0.0,1,-0.13708247329599743
3176,491,,3175,491,c1ccc2c(c1)c(c[nH]2)c1cnco1.[Br+],Brc1ccc2c(-c3cnco3)c[nH]c2c1,0.0,1,-0.13557160803400592
3177,492,,3176,492,c1ccc2c(c1)c(c[nH]2)c1cnco1.[Br+],Brc1cccc2c(-c3cnco3)c[nH]c12,0.0,1,-0.1348826948539994
3178,493,,3177,493,c1ccc2c(c1)c(c[nH]2)c1cnco1.[Br+],Brc1cccc2[nH]cc(-c3cnco3)c12,0.0,1,-0.13630824199099578
3179,494,,3178,494,c1ccc2c(c1)c(c[nH]2)c1cnco1.[Br+],Brc1[nH]c2ccccc2c1-c1cnco1,1.0,1,-0.1422939157420018
3180,495,,3179,495,c1ccc2c(c1)c(c[nH]2)c1cnco1.[Br+],Brc1ncoc1-c1c[nH]c2ccccc12,1.0,1,-0.14374444691600274
3181,496,,3180,496,c1ccc2c(c1)c(c[nH]2)c1cnco1.[Br+],Brc1ncc(-c2c[nH]c3ccccc23)o1,0.0,1,-0.13627776760800003
3316,631,,3315,631,c1cn(cn1)C(c1ccccc1)(c1ccccc1Cl)c1ccccc1.[Br+],Clc1ccccc1C(c1ccccc1)(c1ccccc1)n1cnc(Br)c1,1.0,1,-0.13442495672299515
3317,632,,3316,632,c1cn(cn1)C(c1ccccc1)(c1ccccc1Cl)c1ccccc1.[Br+],Clc1ccccc1C(c1ccccc1)(c1ccccc1)n1cncc1Br,1.0,1,-0.13368908953900416
3318,633,,3317,633,c1cn(cn1)C(c1ccccc1)(c1ccccc1Cl)c1ccccc1.[Br+],Clc1ccccc1C(c1ccccc1)(c1cccc(Br)c1)n1ccnc1,0.0,1,-0.1166313303690032
3319,634,,3318,634,c1cn(cn1)C(c1ccccc1)(c1ccccc1Cl)c1ccccc1.[Br+],Clc1ccccc1C(c1ccccc1)(c1ccc(Br)cc1)n1ccnc1,0.0,1,-0.12183183786200402
3320,635,,3319,635,c1cn(cn1)C(c1ccccc1)(c1ccccc1Cl)c1ccccc1.[Br+],Clc1ccccc1C(c1ccccc1)(c1cccc(Br)c1)n1ccnc1,0.0,1,-0.11662964063999937
3321,636,,3320,636,c1cn(cn1)C(c1ccccc1)(c1ccccc1Cl)c1ccccc1.[Br+],Clc1ccccc1C(c1ccccc1)(c1ccccc1Br)n1ccnc1,0.0,1,-0.11897219370099776
3322,637,,3321,637,c1cn(cn1)C(c1ccccc1)(c1ccccc1Cl)c1ccccc1.[Br+],Clc1ccc(Br)cc1C(c1ccccc1)(c1ccccc1)n1ccnc1,0.0,1,-0.11677416925000728
3323,638,,3322,638,c1cn(cn1)C(c1ccccc1)(c1ccccc1Cl)c1ccccc1.[Br+],Clc1cc(Br)ccc1C(c1ccccc1)(c1ccccc1)n1ccnc1,0.0,1,-0.1124774884929991
3324,639,,3323,639,c1cn(cn1)C(c1ccccc1)(c1ccccc1Cl)c1ccccc1.[Br+],Clc1ccccc1C(c1ccccc1)(c1cccc(Br)c1)n1ccnc1,0.0,1,-0.11666616903301019
3325,640,,3324,640,c1cn(cn1)C(c1ccccc1)(c1ccccc1Cl)c1ccccc1.[Br+],Clc1ccccc1C(c1ccccc1)(c1ccc(Br)cc1)n1ccnc1,0.0,1,-0.12184716730399714
3326,641,,3325,641,c1cn(cn1)C(c1ccccc1)(c1ccccc1Cl)c1ccccc1.[Br+],Clc1ccccc1C(c1ccccc1)(c1cccc(Br)c1)n1ccnc1,0.0,1,-0.1166968945500031
3327,642,,3326,642,c1cn(cn1)C(c1ccccc1)(c1ccccc1Cl)c1ccccc1.[Br+],Clc1ccccc1C(c1ccccc1)(c1ccccc1Br)n1ccnc1,0.0,1,-0.11889889328500658
3328,643,,3327,643,c1cn(cn1)C(c1ccccc1)(c1ccccc1Cl)c1ccccc1.[Br+],Clc1ccccc1C(c1ccccc1)(c1ccccc1)n1ccnc1Br,0.0,1,-0.12772822809399997
3329,644,,3328,644,c1cn(cn1)C(c1ccccc1)(c1ccccc1Cl)c1ccccc1.[Br+],Clc1ccccc1C(c1ccccc1)(c1ccccc1Br)n1ccnc1,0.0,1,-0.11887515063199317
3330,645,,3329,645,c1cn(cn1)C(c1ccccc1)(c1ccccc1Cl)c1ccccc1.[Br+],Clc1cccc(Br)c1C(c1ccccc1)(c1ccccc1)n1ccnc1,0.0,1,-0.11003571103699983
3331,646,,3330,646,c1cn(cn1)C(c1ccccc1)(c1ccccc1Cl)c1ccccc1.[Br+],Clc1c(Br)cccc1C(c1ccccc1)(c1ccccc1)n1ccnc1,0.0,1,-0.11392132194400517
3332,647,,3331,647,c1cn(cn1)C(c1ccccc1)(c1ccccc1Cl)c1ccccc1.[Br+],Clc1ccccc1C(c1ccccc1)(c1ccccc1Br)n1ccnc1,0.0,1,-0.11850194734699926
3545,860,,3544,860,Nc1ncc(nc1)c1ccc(cc1)O[Si](C)(C)C(C)(C)C.[Br+],CC(C)(C)[Si](C)(C)Oc1ccc(-c2cnc(N)cn2)cc1Br,1.0,1,-0.13535131188599792
3546,861,,3545,861,Nc1ncc(nc1)c1ccc(cc1)O[Si](C)(C)C(C)(C)C.[Br+],CC(C)(C)[Si](C)(C)Oc1ccc(-c2cnc(N)cn2)c(Br)c1,1.0,1,-0.13219306492700156
3547,862,,3546,862,Nc1ncc(nc1)c1ccc(cc1)O[Si](C)(C)C(C)(C)C.[Br+],CC(C)(C)[Si](C)(C)Oc1ccc(-c2ncc(N)nc2Br)cc1,0.0,1,-0.13009325132300376
3548,863,,3547,863,Nc1ncc(nc1)c1ccc(cc1)O[Si](C)(C)C(C)(C)C.[Br+],CC(C)(C)[Si](C)(C)Oc1ccc(-c2cnc(N)c(Br)n2)cc1,1.0,1,-0.1340220459850059
3549,864,,3548,864,Nc1ncc(nc1)c1ccc(cc1)O[Si](C)(C)C(C)(C)C.[Br+],CC(C)(C)[Si](C)(C)Oc1ccc(-c2cnc(N)cn2)c(Br)c1,1.0,1,-0.13227941414699984
3550,865,,3549,865,Nc1ncc(nc1)c1ccc(cc1)O[Si](C)(C)C(C)(C)C.[Br+],CC(C)(C)[Si](C)(C)Oc1ccc(-c2cnc(N)cn2)cc1Br,1.0,1,-0.13562930842000043
3551,866,,3550,866,Nc1ncc(nc1)c1ccc(cc1)S(=O)(=O)C.[Br+],CS(=O)(=O)c1ccc(-c2cnc(N)cn2)cc1Br,0.0,1,-0.10538463587500502
3552,867,,3551,867,Nc1ncc(nc1)c1ccc(cc1)S(=O)(=O)C.[Br+],CS(=O)(=O)c1ccc(-c2cnc(N)cn2)c(Br)c1,1.0,1,-0.12148276927899815
3553,868,,3552,868,Nc1ncc(nc1)c1ccc(cc1)S(=O)(=O)C.[Br+],CS(=O)(=O)c1ccc(-c2ncc(N)nc2Br)cc1,0.0,1,-0.11785764958500522
3554,869,,3553,869,Nc1ncc(nc1)c1ccc(cc1)S(=O)(=O)C.[Br+],CS(=O)(=O)c1ccc(-c2cnc(N)c(Br)n2)cc1,1.0,1,-0.12602915355700617
3555,870,,3554,870,Nc1ncc(nc1)c1ccc(cc1)S(=O)(=O)C.[Br+],CS(=O)(=O)c1ccc(-c2cnc(N)cn2)c(Br)c1,1.0,1,-0.12151248639799661
3556,871,,3555,871,Nc1ncc(nc1)c1ccc(cc1)S(=O)(=O)C.[Br+],CS(=O)(=O)c1ccc(-c2cnc(N)cn2)cc1Br,0.0,1,-0.10539949827000328
3570,885,,3569,885,Nc1ncc(nc1)c1ccc(cc1)OC.[Br+],COc1ccc(-c2cnc(N)cn2)cc1Br,1.0,1,-0.13666700781099905
3571,886,,3570,886,Nc1ncc(nc1)c1ccc(cc1)OC.[Br+],COc1ccc(-c2cnc(N)cn2)c(Br)c1,0.0,1,-0.13056244425300179
3572,887,,3571,887,Nc1ncc(nc1)c1ccc(cc1)OC.[Br+],COc1ccc(-c2ncc(N)nc2Br)cc1,0.0,1,-0.1303810348650032
3573,888,,3572,888,Nc1ncc(nc1)c1ccc(cc1)OC.[Br+],COc1ccc(-c2cnc(N)c(Br)n2)cc1,1.0,1,-0.1339326945269974
3574,889,,3573,889,Nc1ncc(nc1)c1ccc(cc1)OC.[Br+],COc1ccc(-c2cnc(N)cn2)c(Br)c1,1.0,1,-0.13204789772699854
3575,890,,3574,890,Nc1ncc(nc1)c1ccc(cc1)OC.[Br+],COc1ccc(-c2cnc(N)cn2)cc1Br,1.0,1,-0.1366648532270034
3613,928,,3612,928,c1cc(cc(c1OC)c1cnc(cn1)N)C(C)C.[Br+],COc1c(Br)cc(C(C)C)cc1-c1cnc(N)cn1,1.0,1,-0.1391610051050023
3614,929,,3613,929,c1cc(cc(c1OC)c1cnc(cn1)N)C(C)C.[Br+],COc1cc(Br)c(C(C)C)cc1-c1cnc(N)cn1,1.0,1,-0.13748900040700107
3615,930,,3614,930,c1cc(cc(c1OC)c1cnc(cn1)N)C(C)C.[Br+],COc1ccc(C(C)C)c(Br)c1-c1cnc(N)cn1,1.0,1,-0.13865116913000008
3616,931,,3615,931,c1cc(cc(c1OC)c1cnc(cn1)N)C(C)C.[Br+],COc1ccc(C(C)C)cc1-c1ncc(N)nc1Br,0.0,1,-0.1333233995399965
3617,932,,3616,932,c1cc(cc(c1OC)c1cnc(cn1)N)C(C)C.[Br+],COc1ccc(C(C)C)cc1-c1cnc(N)c(Br)n1,1.0,1,-0.13625880439500548
3668,983,,3667,983,c1cc(cnc1C(F)(F)F)CNc1cccc(n1)Cl.[Br+],FC(F)(F)c1ncc(CNc2cccc(Cl)n2)cc1Br,0.0,1,-0.08613936305899728
3669,984,,3668,984,c1cc(cnc1C(F)(F)F)CNc1cccc(n1)Cl.[Br+],FC(F)(F)c1cc(Br)c(CNc2cccc(Cl)n2)cn1,1.0,1,-0.16770058097600327
3670,985,,3669,985,c1cc(cnc1C(F)(F)F)CNc1cccc(n1)Cl.[Br+],FC(F)(F)c1ccc(CNc2cc(Br)cc(Cl)n2)cn1,0.0,1,-0.09816124653399783
3671,986,,3670,986,c1cc(cnc1C(F)(F)F)CNc1cccc(n1)Cl.[Br+],FC(F)(F)c1ccc(CNc2ccc(Br)c(Cl)n2)cn1,0.0,1,-0.13726300601599917
3672,987,,3671,987,c1cc(cnc1C(F)(F)F)CNc1cccc(n1)Cl.[Br+],FC(F)(F)c1ccc(CNc2cccc(Cl)n2)c(Br)n1,0.0,1,-0.09165421583200128
3673,988,,3672,988,c1cc(cnc1C(F)(F)F)CNc1cccc(n1)Cl.[Br+],FC(F)(F)c1ccc(CNc2nc(Cl)ccc2Br)cn1,0.0,1,-0.13624437478399898
3680,995,,3679,995,c1(cc(ccn1)N)N.[Br+],Nc1ccnc(N)c1Br,1.0,1,-0.16387219353400084
3681,996,,3680,996,c1(cc(ccn1)N)N.[Br+],Nc1cc(N)c(Br)cn1,1.0,1,-0.16226356328499847
3682,997,,3681,997,c1(cc(ccn1)N)N.[Br+],Nc1cc(N)nc(Br)c1,0.0,1,-0.11409415489200114
3689,1004,,3688,1004,c1c(cc(nc1)OC)N.[Br+],COc1cc(N)c(Br)cn1,1.0,1,-0.14745827516799892
3690,1005,,3689,1005,c1c(cc(nc1)OC)N.[Br+],COc1nccc(N)c1Br,1.0,1,-0.15152024577800205
3691,1006,,3690,1006,c1c(cc(nc1)OC)N.[Br+],COc1cc(N)cc(Br)n1,0.0,1,-0.10645404494999866
3692,1007,,3691,1007,c1c(cc(nc1)N)C#N.[Br+],N#Cc1cc(N)ncc1Br,1.0,1,-0.1260231812370023
3693,1008,,3692,1008,c1c(cc(nc1)N)C#N.[Br+],N#Cc1ccnc(N)c1Br,1.0,1,-0.12484118656200138
