,Unnamed: 0,uid,reaction_idx,substrates,products,label,simulation_idx
0,0,0,0,n1ccc[nH]1.[Br+],Brc1cn[nH]c1,1,0
1,1,1,1,n1ccc[nH]1.[Br+],Brc1ccn[nH]1,0,0
2,2,2,2,n1ccc[nH]1.[Br+],Brc1cc[nH]n1,0,0
18,18,18,18,c1cc(n[nH]1)c1ccc(c(c1)OC)[N+](=O)[O-].[Br+],COc1cc(-c2cc(Br)[nH]n2)ccc1[N+](=O)[O-],0,0
19,19,19,19,c1cc(n[nH]1)c1ccc(c(c1)OC)[N+](=O)[O-].[Br+],COc1cc(-c2n[nH]cc2Br)ccc1[N+](=O)[O-],1,0
20,20,20,20,c1cc(n[nH]1)c1ccc(c(c1)OC)[N+](=O)[O-].[Br+],COc1cc(-c2cc[nH]n2)c(Br)cc1[N+](=O)[O-],0,0
21,21,21,21,c1cc(n[nH]1)c1ccc(c(c1)OC)[N+](=O)[O-].[Br+],COc1cc(-c2cc[nH]n2)cc(Br)c1[N+](=O)[O-],0,0
22,22,22,22,c1cc(n[nH]1)c1ccc(c(c1)OC)[N+](=O)[O-].[Br+],COc1c([N+](=O)[O-])ccc(-c2cc[nH]n2)c1Br,0,0
128,128,128,128,c1cnc(nc1c1c(n[nH]c1)C(C)C)SC.[Br+],CSc1ncc(Br)c(-c2c[nH]nc2C(C)C)n1,1,0
129,129,129,129,c1cnc(nc1c1c(n[nH]c1)C(C)C)SC.[Br+],CSc1nc(Br)cc(-c2c[nH]nc2C(C)C)n1,0,0
130,130,130,130,c1cnc(nc1c1c(n[nH]c1)C(C)C)SC.[Br+],CSc1nccc(-c2c(C(C)C)n[nH]c2Br)n1,0,0
154,154,154,154,c1ccc2c(c1)cc[nH]2.[Br+],Brc1ccc2[nH]ccc2c1,0,0
155,155,155,155,c1ccc2c(c1)cc[nH]2.[Br+],Brc1ccc2cc[nH]c2c1,0,0
156,156,156,156,c1ccc2c(c1)cc[nH]2.[Br+],Brc1c[nH]c2ccccc12,1,0
157,157,157,157,c1ccc2c(c1)cc[nH]2.[Br+],Brc1cc2ccccc2[nH]1,0,0
158,158,158,158,c1ccc2c(c1)cc[nH]2.[Br+],Brc1cccc2cc[nH]c12,0,0
159,159,159,159,c1ccc2c(c1)cc[nH]2.[Br+],Brc1cccc2[nH]ccc12,0,0
200,200,200,200,c1c[nH]nc1c1ccc(cc1)[N+](=O)[O-].[Br+],O=[N+]([O-])c1ccc(-c2n[nH]cc2Br)cc1,1,0
201,201,201,201,c1c[nH]nc1c1ccc(cc1)[N+](=O)[O-].[Br+],O=[N+]([O-])c1ccc(-c2cc(Br)[nH]n2)cc1,0,0
202,202,202,202,c1c[nH]nc1c1ccc(cc1)[N+](=O)[O-].[Br+],O=[N+]([O-])c1ccc(-c2cc[nH]n2)cc1Br,0,0
203,203,203,203,c1c[nH]nc1c1ccc(cc1)[N+](=O)[O-].[Br+],O=[N+]([O-])c1ccc(-c2cc[nH]n2)c(Br)c1,0,0
204,204,204,204,c1c[nH]nc1c1ccc(cc1)[N+](=O)[O-].[Br+],O=[N+]([O-])c1ccc(-c2cc[nH]n2)c(Br)c1,0,0
205,205,205,205,c1c[nH]nc1c1ccc(cc1)[N+](=O)[O-].[Br+],O=[N+]([O-])c1ccc(-c2cc[nH]n2)cc1Br,0,0
206,206,206,206,c1c(c2cc(sc2)C)n[nH]c1.[Br+],Cc1cc(-c2n[nH]cc2Br)cs1,1,0
207,207,207,207,c1c(c2cc(sc2)C)n[nH]c1.[Br+],Cc1cc(-c2cc(Br)[nH]n2)cs1,0,0
208,208,208,208,c1c(c2cc(sc2)C)n[nH]c1.[Br+],Cc1scc(-c2cc[nH]n2)c1Br,0,0
209,209,209,209,c1c(c2cc(sc2)C)n[nH]c1.[Br+],Cc1cc(-c2cc[nH]n2)c(Br)s1,0,0
238,238,238,238,c1c(c2c[nH]nc2c2ccc(cc2)F)ccnc1.[Br+],Fc1ccc(-c2n[nH]cc2-c2ccncc2)cc1Br,0,0
239,239,239,239,c1c(c2c[nH]nc2c2ccc(cc2)F)ccnc1.[Br+],Fc1ccc(-c2n[nH]cc2-c2ccncc2)c(Br)c1,0,0
240,240,240,240,c1c(c2c[nH]nc2c2ccc(cc2)F)ccnc1.[Br+],Fc1ccc(-c2n[nH]cc2-c2ccncc2Br)cc1,0,0
241,241,241,241,c1c(c2c[nH]nc2c2ccc(cc2)F)ccnc1.[Br+],Fc1ccc(-c2n[nH]cc2-c2ccnc(Br)c2)cc1,0,0
242,242,242,242,c1c(c2c[nH]nc2c2ccc(cc2)F)ccnc1.[Br+],Fc1ccc(-c2n[nH]cc2-c2ccncc2Br)cc1,0,0
243,243,243,243,c1c(c2c[nH]nc2c2ccc(cc2)F)ccnc1.[Br+],Fc1ccc(-c2n[nH]c(Br)c2-c2ccncc2)cc1,1,0
244,244,244,244,c1c(c2c[nH]nc2c2ccc(cc2)F)ccnc1.[Br+],Fc1ccc(-c2n[nH]cc2-c2ccncc2)c(Br)c1,0,0
245,245,245,245,c1c(c2c[nH]nc2c2ccc(cc2)F)ccnc1.[Br+],Fc1ccc(-c2n[nH]cc2-c2ccncc2)cc1Br,0,0
246,246,246,246,c1c(c2c[nH]nc2c2ccc(cc2)F)ccnc1.[Br+],Fc1ccc(-c2n[nH]cc2-c2ccnc(Br)c2)cc1,0,0
293,293,293,293,c1cc(nc2c1C(=O)CCN2)OC.[Br+],COc1cc(Br)c2c(n1)NCCC2=O,0,0
294,294,294,294,c1cc(nc2c1C(=O)CCN2)OC.[Br+],COc1nc2c(cc1Br)C(=O)CCN2,1,0
318,318,318,318,c1nccc(c1)c1ccc(=O)[nH]c1.[Br+],O=c1ccc(-c2ccnc(Br)c2)c[nH]1,0,0
319,319,319,319,c1nccc(c1)c1ccc(=O)[nH]c1.[Br+],O=c1ccc(-c2ccncc2Br)c[nH]1,0,0
320,320,320,320,c1nccc(c1)c1ccc(=O)[nH]c1.[Br+],O=c1cc(Br)c(-c2ccncc2)c[nH]1,0,0
321,321,321,321,c1nccc(c1)c1ccc(=O)[nH]c1.[Br+],O=c1[nH]cc(-c2ccncc2)cc1Br,1,0
322,322,322,322,c1nccc(c1)c1ccc(=O)[nH]c1.[Br+],O=c1ccc(-c2ccnc(Br)c2)c[nH]1,0,0
323,323,323,323,c1nccc(c1)c1ccc(=O)[nH]c1.[Br+],O=c1ccc(-c2ccncc2Br)c[nH]1,0,0
324,324,324,324,c1nccc(c1)c1ccc(=O)[nH]c1.[Br+],O=c1ccc(-c2ccncc2)c(Br)[nH]1,0,0
325,325,325,325,c1nccc(c1)c1ccc(=O)[nH]c1C.[Br+],Cc1[nH]c(=O)ccc1-c1ccnc(Br)c1,0,0
326,326,326,326,c1nccc(c1)c1ccc(=O)[nH]c1C.[Br+],Cc1[nH]c(=O)ccc1-c1ccncc1Br,0,0
327,327,327,327,c1nccc(c1)c1ccc(=O)[nH]c1C.[Br+],Cc1[nH]c(=O)cc(Br)c1-c1ccncc1,0,0
328,328,328,328,c1nccc(c1)c1ccc(=O)[nH]c1C.[Br+],Cc1[nH]c(=O)c(Br)cc1-c1ccncc1,1,0
329,329,329,329,c1nccc(c1)c1ccc(=O)[nH]c1C.[Br+],Cc1[nH]c(=O)ccc1-c1ccnc(Br)c1,0,0
330,330,330,330,c1nccc(c1)c1ccc(=O)[nH]c1C.[Br+],Cc1[nH]c(=O)ccc1-c1ccncc1Br,0,0
333,333,333,333,c1c([nH]c(=O)c(c1)Br)C.[Br+],Cc1[nH]c(=O)c(Br)cc1Br,1,0
334,334,334,334,c1c([nH]c(=O)c(c1)Br)C.[Br+],Cc1cc(Br)c(Br)c(=O)[nH]1,0,0
342,342,342,342,c1(=O)[nH]cc(cc1)c1ncccn1.[Br+],O=c1cc(Br)c(-c2ncccn2)c[nH]1,0,0
343,343,343,343,c1(=O)[nH]cc(cc1)c1ncccn1.[Br+],O=c1[nH]cc(-c2ncccn2)cc1Br,1,0
344,344,344,344,c1(=O)[nH]cc(cc1)c1ncccn1.[Br+],O=c1ccc(-c2nccc(Br)n2)c[nH]1,0,0
345,345,345,345,c1(=O)[nH]cc(cc1)c1ncccn1.[Br+],O=c1ccc(-c2ncc(Br)cn2)c[nH]1,0,0
346,346,346,346,c1(=O)[nH]cc(cc1)c1ncccn1.[Br+],O=c1ccc(-c2ncccn2)c(Br)[nH]1,0,0
347,347,347,347,c1(=O)[nH]cc(cc1)c1ncccn1.[Br+],O=c1ccc(-c2nccc(Br)n2)c[nH]1,0,0
381,381,381,381,n1ccc(nc1N)c1[nH]c(c2ccccc2)c(C(=O)N)c1.[Br+],NC(=O)c1cc(-c2ccnc(N)n2)[nH]c1-c1cccc(Br)c1,0,0
382,382,382,382,n1ccc(nc1N)c1[nH]c(c2ccccc2)c(C(=O)N)c1.[Br+],NC(=O)c1cc(-c2ccnc(N)n2)[nH]c1-c1ccc(Br)cc1,0,0
383,383,383,383,n1ccc(nc1N)c1[nH]c(c2ccccc2)c(C(=O)N)c1.[Br+],NC(=O)c1cc(-c2ccnc(N)n2)[nH]c1-c1cccc(Br)c1,0,0
384,384,384,384,n1ccc(nc1N)c1[nH]c(c2ccccc2)c(C(=O)N)c1.[Br+],NC(=O)c1cc(-c2ccnc(N)n2)[nH]c1-c1ccccc1Br,0,0
385,385,385,385,n1ccc(nc1N)c1[nH]c(c2ccccc2)c(C(=O)N)c1.[Br+],NC(=O)c1cc(-c2cc(Br)nc(N)n2)[nH]c1-c1ccccc1,0,0
386,386,386,386,n1ccc(nc1N)c1[nH]c(c2ccccc2)c(C(=O)N)c1.[Br+],NC(=O)c1cc(-c2nc(N)ncc2Br)[nH]c1-c1ccccc1,1,0
387,387,387,387,n1ccc(nc1N)c1[nH]c(c2ccccc2)c(C(=O)N)c1.[Br+],NC(=O)c1cc(-c2ccnc(N)n2)[nH]c1-c1ccccc1Br,0,0
388,388,388,388,n1ccc(nc1N)c1[nH]c(c2ccccc2)c(C(=O)N)c1.[Br+],NC(=O)c1c(-c2ccccc2)[nH]c(-c2ccnc(N)n2)c1Br,0,0
406,406,406,406,[nH]1cccnc1=O.[Br+],O=c1nccc(Br)[nH]1,0,0
407,407,407,407,[nH]1cccnc1=O.[Br+],O=c1ncc(Br)c[nH]1,1,0
408,408,408,408,[nH]1cccnc1=O.[Br+],O=c1nc(Br)cc[nH]1,0,0
409,409,409,409,[nH]1c(=O)nc(cc1)C(F)(F)F.[Br+],O=c1nc(C(F)(F)F)c(Br)c[nH]1,1,0
410,410,410,410,[nH]1c(=O)nc(cc1)C(F)(F)F.[Br+],O=c1nc(C(F)(F)F)cc(Br)[nH]1,0,0
411,411,411,411,c1cnc(Nc2cccc(c2)Br)[nH]c1=O.[Br+],O=c1[nH]c(Nc2cccc(Br)c2)ncc1Br,1,0
412,412,412,412,c1cnc(Nc2cccc(c2)Br)[nH]c1=O.[Br+],O=c1cc(Br)nc(Nc2cccc(Br)c2)[nH]1,0,0
413,413,413,413,c1cnc(Nc2cccc(c2)Br)[nH]c1=O.[Br+],O=c1ccnc(Nc2cc(Br)cc(Br)c2)[nH]1,0,0
414,414,414,414,c1cnc(Nc2cccc(c2)Br)[nH]c1=O.[Br+],O=c1ccnc(Nc2ccc(Br)c(Br)c2)[nH]1,0,0
415,415,415,415,c1cnc(Nc2cccc(c2)Br)[nH]c1=O.[Br+],O=c1ccnc(Nc2cc(Br)ccc2Br)[nH]1,0,0
416,416,416,416,c1cnc(Nc2cccc(c2)Br)[nH]c1=O.[Br+],O=c1ccnc(Nc2cccc(Br)c2Br)[nH]1,0,0
417,417,417,417,[nH]1c(=O)ccnc1c1c(ccc(c1)Cl)OC.[Br+],COc1ccc(Cl)cc1-c1ncc(Br)c(=O)[nH]1,1,0
418,418,418,418,[nH]1c(=O)ccnc1c1c(ccc(c1)Cl)OC.[Br+],COc1ccc(Cl)cc1-c1nc(Br)cc(=O)[nH]1,0,0
419,419,419,419,[nH]1c(=O)ccnc1c1c(ccc(c1)Cl)OC.[Br+],COc1c(Br)cc(Cl)cc1-c1nccc(=O)[nH]1,0,0
420,420,420,420,[nH]1c(=O)ccnc1c1c(ccc(c1)Cl)OC.[Br+],COc1cc(Br)c(Cl)cc1-c1nccc(=O)[nH]1,0,0
421,421,421,421,[nH]1c(=O)ccnc1c1c(ccc(c1)Cl)OC.[Br+],COc1ccc(Cl)c(Br)c1-c1nccc(=O)[nH]1,0,0
422,422,422,422,n1c(=O)cc([nH]c1)C.[Br+],Cc1[nH]cnc(=O)c1Br,1,0
423,423,423,423,n1c(=O)cc([nH]c1)C.[Br+],Cc1cc(=O)nc(Br)[nH]1,0,0
424,424,424,424,[nH]1cnc(cc1=O)N.[Br+],Nc1cc(=O)[nH]c(Br)n1,0,0
425,425,425,425,[nH]1cnc(cc1=O)N.[Br+],Nc1nc[nH]c(=O)c1Br,1,0
426,426,426,426,n1ccc(=O)[nH]c1.[Br+],O=c1cc(Br)nc[nH]1,0,0
427,427,427,427,n1ccc(=O)[nH]c1.[Br+],O=c1[nH]cncc1Br,1,0
428,428,428,428,n1ccc(=O)[nH]c1.[Br+],O=c1ccnc(Br)[nH]1,0,0
429,429,429,429,N(c1nccc(=O)[nH]1)c1ccc(C(=O)O)cc1.[Br+],O=C(O)c1ccc(Nc2nc(Br)cc(=O)[nH]2)cc1,0,0
430,430,430,430,N(c1nccc(=O)[nH]1)c1ccc(C(=O)O)cc1.[Br+],O=C(O)c1ccc(Nc2ncc(Br)c(=O)[nH]2)cc1,1,0
431,431,431,431,N(c1nccc(=O)[nH]1)c1ccc(C(=O)O)cc1.[Br+],O=C(O)c1ccc(Nc2nccc(=O)[nH]2)cc1Br,0,0
432,432,432,432,N(c1nccc(=O)[nH]1)c1ccc(C(=O)O)cc1.[Br+],O=C(O)c1ccc(Nc2nccc(=O)[nH]2)c(Br)c1,0,0
433,433,433,433,N(c1nccc(=O)[nH]1)c1ccc(C(=O)O)cc1.[Br+],O=C(O)c1ccc(Nc2nccc(=O)[nH]2)c(Br)c1,0,0
434,434,434,434,N(c1nccc(=O)[nH]1)c1ccc(C(=O)O)cc1.[Br+],O=C(O)c1ccc(Nc2nccc(=O)[nH]2)cc1Br,0,0
490,490,490,490,c1ccc2c(c1)c(c[nH]2)c1cnco1.[Br+],Brc1ccc2[nH]cc(-c3cnco3)c2c1,0,0
491,491,491,491,c1ccc2c(c1)c(c[nH]2)c1cnco1.[Br+],Brc1ccc2c(-c3cnco3)c[nH]c2c1,0,0
492,492,492,492,c1ccc2c(c1)c(c[nH]2)c1cnco1.[Br+],Brc1cccc2c(-c3cnco3)c[nH]c12,0,0
493,493,493,493,c1ccc2c(c1)c(c[nH]2)c1cnco1.[Br+],Brc1cccc2[nH]cc(-c3cnco3)c12,0,0
494,494,494,494,c1ccc2c(c1)c(c[nH]2)c1cnco1.[Br+],Brc1[nH]c2ccccc2c1-c1cnco1,0,0
495,495,495,495,c1ccc2c(c1)c(c[nH]2)c1cnco1.[Br+],Brc1ncoc1-c1c[nH]c2ccccc12,1,0
496,496,496,496,c1ccc2c(c1)c(c[nH]2)c1cnco1.[Br+],Brc1ncc(-c2c[nH]c3ccccc23)o1,0,0
588,588,588,588,n1nc[nH]c1c1cnccn1.[Br+],Brc1nnc(-c2cnccn2)[nH]1,1,0
589,589,589,589,n1nc[nH]c1c1cnccn1.[Br+],Brc1nccnc1-c1nnc[nH]1,0,0
590,590,590,590,n1nc[nH]c1c1cnccn1.[Br+],Brc1cnc(-c2nnc[nH]2)cn1,0,0
591,591,591,591,n1nc[nH]c1c1cnccn1.[Br+],Brc1cncc(-c2nnc[nH]2)n1,0,0
592,592,592,592,n1nc[nH]c1c1c(c(c(s1)c1ccnc(c1)NC(=O)C)C#N)c1ccc(cc1Cl)Cl.[Br+],CC(=O)Nc1cc(-c2sc(-c3nnc(Br)[nH]3)c(-c3ccc(Cl)cc3Cl)c2C#N)ccn1,1,0
593,593,593,593,n1nc[nH]c1c1c(c(c(s1)c1ccnc(c1)NC(=O)C)C#N)c1ccc(cc1Cl)Cl.[Br+],CC(=O)Nc1cc(-c2sc(-c3nnc[nH]3)c(-c3ccc(Cl)cc3Cl)c2C#N)c(Br)cn1,0,0
594,594,594,594,n1nc[nH]c1c1c(c(c(s1)c1ccnc(c1)NC(=O)C)C#N)c1ccc(cc1Cl)Cl.[Br+],CC(=O)Nc1cc(-c2sc(-c3nnc[nH]3)c(-c3ccc(Cl)cc3Cl)c2C#N)cc(Br)n1,0,0
595,595,595,595,n1nc[nH]c1c1c(c(c(s1)c1ccnc(c1)NC(=O)C)C#N)c1ccc(cc1Cl)Cl.[Br+],CC(=O)Nc1nccc(-c2sc(-c3nnc[nH]3)c(-c3ccc(Cl)cc3Cl)c2C#N)c1Br,0,0
596,596,596,596,n1nc[nH]c1c1c(c(c(s1)c1ccnc(c1)NC(=O)C)C#N)c1ccc(cc1Cl)Cl.[Br+],CC(=O)Nc1cc(-c2sc(-c3nnc[nH]3)c(-c3c(Cl)cc(Cl)cc3Br)c2C#N)ccn1,0,0
597,597,597,597,n1nc[nH]c1c1c(c(c(s1)c1ccnc(c1)NC(=O)C)C#N)c1ccc(cc1Cl)Cl.[Br+],CC(=O)Nc1cc(-c2sc(-c3nnc[nH]3)c(-c3cc(Br)c(Cl)cc3Cl)c2C#N)ccn1,0,0
598,598,598,598,n1nc[nH]c1c1c(c(c(s1)c1ccnc(c1)NC(=O)C)C#N)c1ccc(cc1Cl)Cl.[Br+],CC(=O)Nc1cc(-c2sc(-c3nnc[nH]3)c(-c3ccc(Cl)c(Br)c3Cl)c2C#N)ccn1,0,0
844,844,844,844,c1(ccccc1)c1ncc(=O)[nH]c1.[Br+],O=c1cnc(-c2cccc(Br)c2)c[nH]1,0,0
845,845,845,845,c1(ccccc1)c1ncc(=O)[nH]c1.[Br+],O=c1cnc(-c2ccc(Br)cc2)c[nH]1,0,0
846,846,846,846,c1(ccccc1)c1ncc(=O)[nH]c1.[Br+],O=c1cnc(-c2cccc(Br)c2)c[nH]1,0,0
847,847,847,847,c1(ccccc1)c1ncc(=O)[nH]c1.[Br+],O=c1cnc(-c2ccccc2Br)c[nH]1,0,0
848,848,848,848,c1(ccccc1)c1ncc(=O)[nH]c1.[Br+],O=c1cnc(-c2ccccc2Br)c[nH]1,0,0
849,849,849,849,c1(ccccc1)c1ncc(=O)[nH]c1.[Br+],O=c1[nH]cc(-c2ccccc2)nc1Br,1,0
850,850,850,850,c1(ccccc1)c1ncc(=O)[nH]c1.[Br+],O=c1cnc(-c2ccccc2)c(Br)[nH]1,0,0
872,872,872,872,c1nc(c(=O)[nH]c1)C.[Br+],Cc1nc(Br)c[nH]c1=O,1,0
873,873,873,873,c1nc(c(=O)[nH]c1)C.[Br+],Cc1ncc(Br)[nH]c1=O,0,0
904,904,904,904,c1nc(c(=O)[nH]c1)Cc1ccccc1.[Br+],O=c1[nH]cc(Br)nc1Cc1ccccc1,1,0
905,905,905,905,c1nc(c(=O)[nH]c1)Cc1ccccc1.[Br+],O=c1[nH]c(Br)cnc1Cc1ccccc1,0,0
906,906,906,906,c1nc(c(=O)[nH]c1)Cc1ccccc1.[Br+],O=c1[nH]ccnc1Cc1cccc(Br)c1,0,0
907,907,907,907,c1nc(c(=O)[nH]c1)Cc1ccccc1.[Br+],O=c1[nH]ccnc1Cc1ccc(Br)cc1,0,0
908,908,908,908,c1nc(c(=O)[nH]c1)Cc1ccccc1.[Br+],O=c1[nH]ccnc1Cc1cccc(Br)c1,0,0
909,909,909,909,c1nc(c(=O)[nH]c1)Cc1ccccc1.[Br+],O=c1[nH]ccnc1Cc1ccccc1Br,0,0
910,910,910,910,c1nc(c(=O)[nH]c1)Cc1ccccc1.[Br+],O=c1[nH]ccnc1Cc1ccccc1Br,0,0
948,948,948,948,c1ccc(cc1)Nc1cc(=O)[nH]c(c1)CCc1ccccc1.[Br+],O=c1cc(Nc2ccc(Br)cc2)cc(CCc2ccccc2)[nH]1,0,0
949,949,949,949,c1ccc(cc1)Nc1cc(=O)[nH]c(c1)CCc1ccccc1.[Br+],O=c1cc(Nc2cccc(Br)c2)cc(CCc2ccccc2)[nH]1,0,0
950,950,950,950,c1ccc(cc1)Nc1cc(=O)[nH]c(c1)CCc1ccccc1.[Br+],O=c1cc(Nc2ccccc2Br)cc(CCc2ccccc2)[nH]1,0,0
951,951,951,951,c1ccc(cc1)Nc1cc(=O)[nH]c(c1)CCc1ccccc1.[Br+],O=c1cc(Nc2cccc(Br)c2)cc(CCc2ccccc2)[nH]1,0,0
952,952,952,952,c1ccc(cc1)Nc1cc(=O)[nH]c(c1)CCc1ccccc1.[Br+],O=c1cc(Nc2ccccc2)cc(CCc2cccc(Br)c2)[nH]1,0,0
953,953,953,953,c1ccc(cc1)Nc1cc(=O)[nH]c(c1)CCc1ccccc1.[Br+],O=c1cc(Nc2ccccc2)cc(CCc2ccc(Br)cc2)[nH]1,0,0
954,954,954,954,c1ccc(cc1)Nc1cc(=O)[nH]c(c1)CCc1ccccc1.[Br+],O=c1cc(Nc2ccccc2)cc(CCc2cccc(Br)c2)[nH]1,0,0
955,955,955,955,c1ccc(cc1)Nc1cc(=O)[nH]c(c1)CCc1ccccc1.[Br+],O=c1cc(Nc2ccccc2)cc(CCc2ccccc2Br)[nH]1,0,0
956,956,956,956,c1ccc(cc1)Nc1cc(=O)[nH]c(c1)CCc1ccccc1.[Br+],O=c1cc(Nc2ccccc2Br)cc(CCc2ccccc2)[nH]1,0,0
957,957,957,957,c1ccc(cc1)Nc1cc(=O)[nH]c(c1)CCc1ccccc1.[Br+],O=c1[nH]c(CCc2ccccc2)cc(Nc2ccccc2)c1Br,1,0
958,958,958,958,c1ccc(cc1)Nc1cc(=O)[nH]c(c1)CCc1ccccc1.[Br+],O=c1cc(Nc2ccccc2)c(Br)c(CCc2ccccc2)[nH]1,0,0
959,959,959,959,c1ccc(cc1)Nc1cc(=O)[nH]c(c1)CCc1ccccc1.[Br+],O=c1cc(Nc2ccccc2)cc(CCc2ccccc2Br)[nH]1,0,0
960,960,960,960,c1ccc(cc1)Sc1cc(=O)[nH]c(c1)CCc1ccccc1.[Br+],O=c1cc(Sc2ccc(Br)cc2)cc(CCc2ccccc2)[nH]1,0,0
961,961,961,961,c1ccc(cc1)Sc1cc(=O)[nH]c(c1)CCc1ccccc1.[Br+],O=c1cc(Sc2cccc(Br)c2)cc(CCc2ccccc2)[nH]1,0,0
962,962,962,962,c1ccc(cc1)Sc1cc(=O)[nH]c(c1)CCc1ccccc1.[Br+],O=c1cc(Sc2ccccc2Br)cc(CCc2ccccc2)[nH]1,0,0
963,963,963,963,c1ccc(cc1)Sc1cc(=O)[nH]c(c1)CCc1ccccc1.[Br+],O=c1cc(Sc2cccc(Br)c2)cc(CCc2ccccc2)[nH]1,0,0
964,964,964,964,c1ccc(cc1)Sc1cc(=O)[nH]c(c1)CCc1ccccc1.[Br+],O=c1cc(Sc2ccccc2)cc(CCc2cccc(Br)c2)[nH]1,0,0
965,965,965,965,c1ccc(cc1)Sc1cc(=O)[nH]c(c1)CCc1ccccc1.[Br+],O=c1cc(Sc2ccccc2)cc(CCc2ccc(Br)cc2)[nH]1,0,0
966,966,966,966,c1ccc(cc1)Sc1cc(=O)[nH]c(c1)CCc1ccccc1.[Br+],O=c1cc(Sc2ccccc2)cc(CCc2cccc(Br)c2)[nH]1,0,0
967,967,967,967,c1ccc(cc1)Sc1cc(=O)[nH]c(c1)CCc1ccccc1.[Br+],O=c1cc(Sc2ccccc2)cc(CCc2ccccc2Br)[nH]1,0,0
968,968,968,968,c1ccc(cc1)Sc1cc(=O)[nH]c(c1)CCc1ccccc1.[Br+],O=c1cc(Sc2ccccc2Br)cc(CCc2ccccc2)[nH]1,0,0
969,969,969,969,c1ccc(cc1)Sc1cc(=O)[nH]c(c1)CCc1ccccc1.[Br+],O=c1[nH]c(CCc2ccccc2)cc(Sc2ccccc2)c1Br,1,0
970,970,970,970,c1ccc(cc1)Sc1cc(=O)[nH]c(c1)CCc1ccccc1.[Br+],O=c1cc(Sc2ccccc2)c(Br)c(CCc2ccccc2)[nH]1,0,0
971,971,971,971,c1ccc(cc1)Sc1cc(=O)[nH]c(c1)CCc1ccccc1.[Br+],O=c1cc(Sc2ccccc2)cc(CCc2ccccc2Br)[nH]1,0,0
1010,1010,1010,1010,c1c(ccnc1NN(=O)=O)C.[Br+],Cc1cc(N[N+](=O)[O-])ncc1Br,1,0
1011,1011,1011,1011,c1c(ccnc1NN(=O)=O)C.[Br+],Cc1cc(Br)nc(N[N+](=O)[O-])c1,0,0
1012,1012,1012,1012,c1c(ccnc1NN(=O)=O)C.[Br+],Cc1ccnc(N[N+](=O)[O-])c1Br,0,0
1013,1013,1013,1013,c1cccc(=O)[nH]1.[Br+],O=c1cccc(Br)[nH]1,0,0
1014,1014,1014,1014,c1cccc(=O)[nH]1.[Br+],O=c1ccc(Br)c[nH]1,1,0
1015,1015,1015,1015,c1cccc(=O)[nH]1.[Br+],O=c1cc(Br)cc[nH]1,0,0
1016,1016,1016,1016,c1cccc(=O)[nH]1.[Br+],O=c1[nH]cccc1Br,1,0
1032,1032,1032,1032,c1cc(cc(=O)[nH]1)N.[Br+],Nc1cc(Br)[nH]c(=O)c1,0,0
1033,1033,1033,1033,c1cc(cc(=O)[nH]1)N.[Br+],Nc1cc(=O)[nH]cc1Br,0,0
1034,1034,1034,1034,c1cc(cc(=O)[nH]1)N.[Br+],Nc1cc[nH]c(=O)c1Br,1,0
1035,1035,1035,1035,c1c(ccc(c1F)COc1cc(=O)[nH]c(c1)C)F.[Br+],Cc1cc(OCc2cc(Br)c(F)cc2F)cc(=O)[nH]1,0,0
1036,1036,1036,1036,c1c(ccc(c1F)COc1cc(=O)[nH]c(c1)C)F.[Br+],Cc1cc(OCc2c(F)cc(F)cc2Br)cc(=O)[nH]1,0,0
1037,1037,1037,1037,c1c(ccc(c1F)COc1cc(=O)[nH]c(c1)C)F.[Br+],Cc1cc(OCc2ccc(F)c(Br)c2F)cc(=O)[nH]1,0,0
1038,1038,1038,1038,c1c(ccc(c1F)COc1cc(=O)[nH]c(c1)C)F.[Br+],Cc1cc(OCc2ccc(F)cc2F)c(Br)c(=O)[nH]1,1,0
1039,1039,1039,1039,c1c(ccc(c1F)COc1cc(=O)[nH]c(c1)C)F.[Br+],Cc1[nH]c(=O)cc(OCc2ccc(F)cc2F)c1Br,0,0
1173,1173,1173,1173,c1cnc2c(c1)oc(=O)[nH]2.[Br+],O=c1[nH]c2ncc(Br)cc2o1,1,0
1174,1174,1174,1174,c1cnc2c(c1)oc(=O)[nH]2.[Br+],O=c1[nH]c2nc(Br)ccc2o1,0,0
1175,1175,1175,1175,c1cnc2c(c1)oc(=O)[nH]2.[Br+],O=c1[nH]c2nccc(Br)c2o1,0,0
1185,1185,1185,1185,c1[nH]c(=O)c2c(c1)ccc(n2)C.[Br+],Cc1ccc2cc(Br)[nH]c(=O)c2n1,0,0
1186,1186,1186,1186,c1[nH]c(=O)c2c(c1)ccc(n2)C.[Br+],Cc1ccc2c(Br)c[nH]c(=O)c2n1,1,0
1187,1187,1187,1187,c1[nH]c(=O)c2c(c1)ccc(n2)C.[Br+],Cc1cc(Br)c2cc[nH]c(=O)c2n1,0,0
1188,1188,1188,1188,c1[nH]c(=O)c2c(c1)ccc(n2)C.[Br+],Cc1nc2c(=O)[nH]ccc2cc1Br,0,0
1203,1203,1203,1203,c1(ccccc1F)n1nnc2c1[nH]c(=O)cc2.[Br+],O=c1ccc2nnn(-c3cc(Br)ccc3F)c2[nH]1,0,0
1204,1204,1204,1204,c1(ccccc1F)n1nnc2c1[nH]c(=O)cc2.[Br+],O=c1ccc2nnn(-c3ccc(Br)cc3F)c2[nH]1,0,0
1205,1205,1205,1205,c1(ccccc1F)n1nnc2c1[nH]c(=O)cc2.[Br+],O=c1[nH]c2c(cc1Br)nnn2-c1ccccc1F,1,0
1206,1206,1206,1206,c1(ccccc1F)n1nnc2c1[nH]c(=O)cc2.[Br+],O=c1cc(Br)c2nnn(-c3ccccc3F)c2[nH]1,0,0
1207,1207,1207,1207,c1(ccccc1F)n1nnc2c1[nH]c(=O)cc2.[Br+],O=c1ccc2nnn(-c3c(F)cccc3Br)c2[nH]1,0,0
1208,1208,1208,1208,c1(ccccc1F)n1nnc2c1[nH]c(=O)cc2.[Br+],O=c1ccc2nnn(-c3cccc(Br)c3F)c2[nH]1,0,0
1329,1329,1329,1329,c1cc(ccc1)COc1c(cnc2c1[nH]cc2)C1CC1.[Br+],Brc1cccc(COc2c(C3CC3)cnc3cc[nH]c23)c1,0,0
1330,1330,1330,1330,c1cc(ccc1)COc1c(cnc2c1[nH]cc2)C1CC1.[Br+],Brc1ccccc1COc1c(C2CC2)cnc2cc[nH]c12,0,0
1331,1331,1331,1331,c1cc(ccc1)COc1c(cnc2c1[nH]cc2)C1CC1.[Br+],Brc1cccc(COc2c(C3CC3)cnc3cc[nH]c23)c1,0,0
1332,1332,1332,1332,c1cc(ccc1)COc1c(cnc2c1[nH]cc2)C1CC1.[Br+],Brc1ccc(COc2c(C3CC3)cnc3cc[nH]c23)cc1,0,0
1333,1333,1333,1333,c1cc(ccc1)COc1c(cnc2c1[nH]cc2)C1CC1.[Br+],Brc1cc2ncc(C3CC3)c(OCc3ccccc3)c2[nH]1,0,0
1334,1334,1334,1334,c1cc(ccc1)COc1c(cnc2c1[nH]cc2)C1CC1.[Br+],Brc1c[nH]c2c(OCc3ccccc3)c(C3CC3)cnc12,1,0
1335,1335,1335,1335,c1cc(ccc1)COc1c(cnc2c1[nH]cc2)C1CC1.[Br+],Brc1ccccc1COc1c(C2CC2)cnc2cc[nH]c12,0,0
1336,1336,1336,1336,c1cc(ccc1)COc1c(cnc2c1[nH]cc2)C1CC1.[Br+],Brc1nc2cc[nH]c2c(OCc2ccccc2)c1C1CC1,0,0
1337,1337,1337,1337,c1(ccc2c(n1)cc[nH]2)C(=O)C.[Br+],CC(=O)c1ccc2[nH]cc(Br)c2n1,1,0
1338,1338,1338,1338,c1(ccc2c(n1)cc[nH]2)C(=O)C.[Br+],CC(=O)c1ccc2[nH]c(Br)cc2n1,0,0
1339,1339,1339,1339,c1(ccc2c(n1)cc[nH]2)C(=O)C.[Br+],CC(=O)c1nc2cc[nH]c2cc1Br,0,0
1340,1340,1340,1340,c1(ccc2c(n1)cc[nH]2)C(=O)C.[Br+],CC(=O)c1cc(Br)c2[nH]ccc2n1,0,0
1341,1341,1341,1341,c1c(nc2c(c1C#N)[nH]c(c2)c1ccnc(c1)NC(=O)C)Br.[Br+],CC(=O)Nc1cc(-c2cc3nc(Br)c(Br)c(C#N)c3[nH]2)ccn1,0,0
1342,1342,1342,1342,c1c(nc2c(c1C#N)[nH]c(c2)c1ccnc(c1)NC(=O)C)Br.[Br+],CC(=O)Nc1cc(-c2[nH]c3c(C#N)cc(Br)nc3c2Br)ccn1,1,0
1343,1343,1343,1343,c1c(nc2c(c1C#N)[nH]c(c2)c1ccnc(c1)NC(=O)C)Br.[Br+],CC(=O)Nc1cc(-c2cc3nc(Br)cc(C#N)c3[nH]2)c(Br)cn1,0,0
1344,1344,1344,1344,c1c(nc2c(c1C#N)[nH]c(c2)c1ccnc(c1)NC(=O)C)Br.[Br+],CC(=O)Nc1cc(-c2cc3nc(Br)cc(C#N)c3[nH]2)cc(Br)n1,0,0
1345,1345,1345,1345,c1c(nc2c(c1C#N)[nH]c(c2)c1ccnc(c1)NC(=O)C)Br.[Br+],CC(=O)Nc1nccc(-c2cc3nc(Br)cc(C#N)c3[nH]2)c1Br,0,0
1346,1346,1346,1346,c1(cnc2c(c1)[nH]c(c2)c1ccnc(c1)NC(=O)C)C#N.[Br+],CC(=O)Nc1cc(-c2cc3nc(Br)c(C#N)cc3[nH]2)ccn1,0,0
1347,1347,1347,1347,c1(cnc2c(c1)[nH]c(c2)c1ccnc(c1)NC(=O)C)C#N.[Br+],CC(=O)Nc1cc(-c2cc3ncc(C#N)c(Br)c3[nH]2)ccn1,0,0
1348,1348,1348,1348,c1(cnc2c(c1)[nH]c(c2)c1ccnc(c1)NC(=O)C)C#N.[Br+],CC(=O)Nc1cc(-c2[nH]c3cc(C#N)cnc3c2Br)ccn1,1,0
1349,1349,1349,1349,c1(cnc2c(c1)[nH]c(c2)c1ccnc(c1)NC(=O)C)C#N.[Br+],CC(=O)Nc1cc(-c2cc3ncc(C#N)cc3[nH]2)c(Br)cn1,0,0
1350,1350,1350,1350,c1(cnc2c(c1)[nH]c(c2)c1ccnc(c1)NC(=O)C)C#N.[Br+],CC(=O)Nc1cc(-c2cc3ncc(C#N)cc3[nH]2)cc(Br)n1,0,0
1351,1351,1351,1351,c1(cnc2c(c1)[nH]c(c2)c1ccnc(c1)NC(=O)C)C#N.[Br+],CC(=O)Nc1nccc(-c2cc3ncc(C#N)cc3[nH]2)c1Br,0,0
1359,1359,1359,1359,c1cc(c2c(n1)cc[nH]2)C.[Br+],Cc1cc(Br)nc2cc[nH]c12,0,0
1360,1360,1360,1360,c1cc(c2c(n1)cc[nH]2)C.[Br+],Cc1c(Br)cnc2cc[nH]c12,0,0
1361,1361,1361,1361,c1cc(c2c(n1)cc[nH]2)C.[Br+],Cc1ccnc2c(Br)c[nH]c12,1,0
1362,1362,1362,1362,c1cc(c2c(n1)cc[nH]2)C.[Br+],Cc1ccnc2cc(Br)[nH]c12,0,0
1363,1363,1363,1363,c1(ccc2c(n1)cc[nH]2)/N=C/N(C)C.[Br+],CN(C)/C=N/c1ccc2[nH]cc(Br)c2n1,1,0
1364,1364,1364,1364,c1(ccc2c(n1)cc[nH]2)/N=C/N(C)C.[Br+],CN(C)/C=N/c1ccc2[nH]c(Br)cc2n1,0,0
1365,1365,1365,1365,c1(ccc2c(n1)cc[nH]2)/N=C/N(C)C.[Br+],CN(C)/C=N/c1nc2cc[nH]c2cc1Br,0,0
1366,1366,1366,1366,c1(ccc2c(n1)cc[nH]2)/N=C/N(C)C.[Br+],CN(C)/C=N/c1cc(Br)c2[nH]ccc2n1,0,0
1367,1367,1367,1367,c1(ccc2c(n1)cc[nH]2)C.[Br+],Cc1ccc2[nH]cc(Br)c2n1,1,0
1368,1368,1368,1368,c1(ccc2c(n1)cc[nH]2)C.[Br+],Cc1ccc2[nH]c(Br)cc2n1,0,0
1369,1369,1369,1369,c1(ccc2c(n1)cc[nH]2)C.[Br+],Cc1nc2cc[nH]c2cc1Br,0,0
1370,1370,1370,1370,c1(ccc2c(n1)cc[nH]2)C.[Br+],Cc1cc(Br)c2[nH]ccc2n1,0,0
1379,1379,1379,1379,c1(ccc2c(n1)cc[nH]2)c1c(cccc1)F.[Br+],Fc1ccccc1-c1ccc2[nH]cc(Br)c2n1,1,0
1380,1380,1380,1380,c1(ccc2c(n1)cc[nH]2)c1c(cccc1)F.[Br+],Fc1ccccc1-c1ccc2[nH]c(Br)cc2n1,0,0
1381,1381,1381,1381,c1(ccc2c(n1)cc[nH]2)c1c(cccc1)F.[Br+],Fc1c(Br)cccc1-c1ccc2[nH]ccc2n1,0,0
1382,1382,1382,1382,c1(ccc2c(n1)cc[nH]2)c1c(cccc1)F.[Br+],Fc1cc(Br)ccc1-c1ccc2[nH]ccc2n1,0,0
1383,1383,1383,1383,c1(ccc2c(n1)cc[nH]2)c1c(cccc1)F.[Br+],Fc1ccc(Br)cc1-c1ccc2[nH]ccc2n1,0,0
1384,1384,1384,1384,c1(ccc2c(n1)cc[nH]2)c1c(cccc1)F.[Br+],Fc1cccc(Br)c1-c1ccc2[nH]ccc2n1,0,0
1385,1385,1385,1385,c1(ccc2c(n1)cc[nH]2)c1c(cccc1)F.[Br+],Fc1ccccc1-c1nc2cc[nH]c2cc1Br,0,0
1386,1386,1386,1386,c1(ccc2c(n1)cc[nH]2)c1c(cccc1)F.[Br+],Fc1ccccc1-c1cc(Br)c2[nH]ccc2n1,0,0
1391,1391,1391,1391,c1ccc2c(n1)cc[nH]2.[Br+],Brc1ccc2[nH]ccc2n1,0,0
1392,1392,1392,1392,c1ccc2c(n1)cc[nH]2.[Br+],Brc1cnc2cc[nH]c2c1,0,0
1393,1393,1393,1393,c1ccc2c(n1)cc[nH]2.[Br+],Brc1c[nH]c2cccnc12,1,0
1394,1394,1394,1394,c1ccc2c(n1)cc[nH]2.[Br+],Brc1cc2ncccc2[nH]1,0,0
1395,1395,1395,1395,c1ccc2c(n1)cc[nH]2.[Br+],Brc1ccnc2cc[nH]c12,0,0
1396,1396,1396,1396,c1(cc(c2c(n1)cc([nH]2)C)NCc1c(cccc1C)C)C(=O)N(C)C.[Br+],Cc1cc2nc(C(=O)N(C)C)cc(NCc3c(C)ccc(Br)c3C)c2[nH]1,0,0
1397,1397,1397,1397,c1(cc(c2c(n1)cc([nH]2)C)NCc1c(cccc1C)C)C(=O)N(C)C.[Br+],Cc1cc2nc(C(=O)N(C)C)cc(NCc3c(C)cc(Br)cc3C)c2[nH]1,0,0
1398,1398,1398,1398,c1(cc(c2c(n1)cc([nH]2)C)NCc1c(cccc1C)C)C(=O)N(C)C.[Br+],Cc1cc2nc(C(=O)N(C)C)c(Br)c(NCc3c(C)cccc3C)c2[nH]1,0,0
1399,1399,1399,1399,c1(cc(c2c(n1)cc([nH]2)C)NCc1c(cccc1C)C)C(=O)N(C)C.[Br+],Cc1cccc(C)c1CNc1cc(C(=O)N(C)C)nc2c(Br)c(C)[nH]c12,1,0
1400,1400,1400,1400,c1(cc(c2c(n1)cc([nH]2)C)NCc1c(cccc1C)C)C(=O)N(C)C.[Br+],Cc1cc2nc(C(=O)N(C)C)cc(NCc3c(C)ccc(Br)c3C)c2[nH]1,0,0
1410,1410,1410,1410,c1c(cc2c(n1)cc[nH]2)Cl.[Br+],Clc1cnc2c(Br)c[nH]c2c1,1,0
1411,1411,1411,1411,c1c(cc2c(n1)cc[nH]2)Cl.[Br+],Clc1cnc2cc(Br)[nH]c2c1,0,0
1412,1412,1412,1412,c1c(cc2c(n1)cc[nH]2)Cl.[Br+],Clc1cc2[nH]ccc2nc1Br,0,0
1413,1413,1413,1413,c1c(cc2c(n1)cc[nH]2)Cl.[Br+],Clc1cnc2cc[nH]c2c1Br,0,0
1416,1416,1416,1416,n1ccc2c(c1)cc([nH]2)c1c(cccc1F)F.[Br+],Fc1ccc(Br)c(F)c1-c1cc2cnccc2[nH]1,0,0
1417,1417,1417,1417,n1ccc2c(c1)cc([nH]2)c1c(cccc1F)F.[Br+],Fc1cc(Br)cc(F)c1-c1cc2cnccc2[nH]1,0,0
1418,1418,1418,1418,n1ccc2c(c1)cc([nH]2)c1c(cccc1F)F.[Br+],Fc1cccc(F)c1-c1cc2cnc(Br)cc2[nH]1,0,0
1419,1419,1419,1419,n1ccc2c(c1)cc([nH]2)c1c(cccc1F)F.[Br+],Fc1cccc(F)c1-c1cc2cncc(Br)c2[nH]1,0,0
1420,1420,1420,1420,n1ccc2c(c1)cc([nH]2)c1c(cccc1F)F.[Br+],Fc1cccc(F)c1-c1cc2c(Br)nccc2[nH]1,0,0
1421,1421,1421,1421,n1ccc2c(c1)cc([nH]2)c1c(cccc1F)F.[Br+],Fc1cccc(F)c1-c1[nH]c2ccncc2c1Br,1,0
1422,1422,1422,1422,n1ccc2c(c1)cc([nH]2)c1c(cccc1F)F.[Br+],Fc1ccc(Br)c(F)c1-c1cc2cnccc2[nH]1,0,0
1423,1423,1423,1423,n1ccc2c(c1Cl)cc([nH]2)C.[Br+],Cc1cc2c(Cl)nc(Br)cc2[nH]1,0,0
1424,1424,1424,1424,n1ccc2c(c1Cl)cc([nH]2)C.[Br+],Cc1cc2c(Cl)ncc(Br)c2[nH]1,0,0
1425,1425,1425,1425,n1ccc2c(c1Cl)cc([nH]2)C.[Br+],Cc1[nH]c2ccnc(Cl)c2c1Br,1,0
1426,1426,1426,1426,n1c(cc2c(c1)cc([nH]2)c1cn(nc1)C)Br.[Br+],Cn1cc(-c2cc3cnc(Br)c(Br)c3[nH]2)cn1,0,0
1427,1427,1427,1427,n1c(cc2c(c1)cc([nH]2)c1cn(nc1)C)Br.[Br+],Cn1cc(-c2cc3c(Br)nc(Br)cc3[nH]2)cn1,0,0
1428,1428,1428,1428,n1c(cc2c(c1)cc([nH]2)c1cn(nc1)C)Br.[Br+],Cn1cc(-c2[nH]c3cc(Br)ncc3c2Br)cn1,1,0
1429,1429,1429,1429,n1c(cc2c(c1)cc([nH]2)c1cn(nc1)C)Br.[Br+],Cn1ncc(-c2cc3cnc(Br)cc3[nH]2)c1Br,0,0
1430,1430,1430,1430,n1c(cc2c(c1)cc([nH]2)c1cn(nc1)C)Br.[Br+],Cn1cc(-c2cc3cnc(Br)cc3[nH]2)c(Br)n1,0,0
1431,1431,1431,1431,n1ccc2c(c1Cl)cc[nH]2.[Br+],Clc1nccc2[nH]cc(Br)c12,1,0
1432,1432,1432,1432,n1ccc2c(c1Cl)cc[nH]2.[Br+],Clc1nccc2[nH]c(Br)cc12,0,0
1433,1433,1433,1433,n1ccc2c(c1Cl)cc[nH]2.[Br+],Clc1nc(Br)cc2[nH]ccc12,0,0
1434,1434,1434,1434,n1ccc2c(c1Cl)cc[nH]2.[Br+],Clc1ncc(Br)c2[nH]ccc12,0,0
1439,1439,1439,1439,c1nc(c2c(c1)cc[nH]2)OC.[Br+],COc1nccc2c(Br)c[nH]c12,1,0
1440,1440,1440,1440,c1nc(c2c(c1)cc[nH]2)OC.[Br+],COc1nccc2cc(Br)[nH]c12,0,0
1441,1441,1441,1441,c1nc(c2c(c1)cc[nH]2)OC.[Br+],COc1nc(Br)cc2cc[nH]c12,0,0
1442,1442,1442,1442,c1nc(c2c(c1)cc[nH]2)OC.[Br+],COc1ncc(Br)c2cc[nH]c12,0,0
1443,1443,1443,1443,c1(ncc2c(c1)cc[nH]2)/N=C/N(C)C.[Br+],CN(C)/C=N/c1cc2c(Br)c[nH]c2cn1,1,0
1444,1444,1444,1444,c1(ncc2c(c1)cc[nH]2)/N=C/N(C)C.[Br+],CN(C)/C=N/c1cc2cc(Br)[nH]c2cn1,0,0
1445,1445,1445,1445,c1(ncc2c(c1)cc[nH]2)/N=C/N(C)C.[Br+],CN(C)/C=N/c1cc2cc[nH]c2c(Br)n1,0,0
1446,1446,1446,1446,c1(ncc2c(c1)cc[nH]2)/N=C/N(C)C.[Br+],CN(C)/C=N/c1ncc2[nH]ccc2c1Br,0,0
1452,1452,1452,1452,c1(ncc2c(c1)cc[nH]2)C.[Br+],Cc1cc2c(Br)c[nH]c2cn1,1,0
1453,1453,1453,1453,c1(ncc2c(c1)cc[nH]2)C.[Br+],Cc1cc2cc(Br)[nH]c2cn1,0,0
1454,1454,1454,1454,c1(ncc2c(c1)cc[nH]2)C.[Br+],Cc1cc2cc[nH]c2c(Br)n1,0,0
1455,1455,1455,1455,c1(ncc2c(c1)cc[nH]2)C.[Br+],Cc1ncc2[nH]ccc2c1Br,0,0
1456,1456,1456,1456,c1nc(c2c(c1)cc[nH]2)C.[Br+],Cc1nccc2c(Br)c[nH]c12,1,0
1457,1457,1457,1457,c1nc(c2c(c1)cc[nH]2)C.[Br+],Cc1nccc2cc(Br)[nH]c12,0,0
1458,1458,1458,1458,c1nc(c2c(c1)cc[nH]2)C.[Br+],Cc1nc(Br)cc2cc[nH]c12,0,0
1459,1459,1459,1459,c1nc(c2c(c1)cc[nH]2)C.[Br+],Cc1ncc(Br)c2cc[nH]c12,0,0
1460,1460,1460,1460,c1(ncc2c(c1)cc[nH]2)OC.[Br+],COc1cc2c(Br)c[nH]c2cn1,1,0
1461,1461,1461,1461,c1(ncc2c(c1)cc[nH]2)OC.[Br+],COc1cc2cc(Br)[nH]c2cn1,0,0
1462,1462,1462,1462,c1(ncc2c(c1)cc[nH]2)OC.[Br+],COc1cc2cc[nH]c2c(Br)n1,0,0
1463,1463,1463,1463,c1(ncc2c(c1)cc[nH]2)OC.[Br+],COc1ncc2[nH]ccc2c1Br,0,0
1498,1498,1498,1498,c1cnc2c(c1Cl)c(c[nH]2)N(=O)=O.[Br+],O=[N+]([O-])c1c[nH]c2ncc(Br)c(Cl)c12,1,0
1499,1499,1499,1499,c1cnc2c(c1Cl)c(c[nH]2)N(=O)=O.[Br+],O=[N+]([O-])c1c[nH]c2nc(Br)cc(Cl)c12,0,0
1500,1500,1500,1500,c1cnc2c(c1Cl)c(c[nH]2)N(=O)=O.[Br+],O=[N+]([O-])c1c(Br)[nH]c2nccc(Cl)c12,0,0
1501,1501,1501,1501,c1cnc2c(c1)cc[nH]2.[Br+],Brc1cnc2[nH]ccc2c1,0,0
1502,1502,1502,1502,c1cnc2c(c1)cc[nH]2.[Br+],Brc1ccc2cc[nH]c2n1,0,0
1503,1503,1503,1503,c1cnc2c(c1)cc[nH]2.[Br+],Brc1c[nH]c2ncccc12,1,0
1504,1504,1504,1504,c1cnc2c(c1)cc[nH]2.[Br+],Brc1cc2cccnc2[nH]1,0,0
1505,1505,1505,1505,c1cnc2c(c1)cc[nH]2.[Br+],Brc1ccnc2[nH]ccc12,0,0
1524,1524,1524,1524,c1(cnc2c(c1)cc[nH]2)C#Cc1cc(ncc1)OC.[Br+],COc1cc(C#Cc2cnc3[nH]cc(Br)c3c2)ccn1,1,0
1525,1525,1525,1525,c1(cnc2c(c1)cc[nH]2)C#Cc1cc(ncc1)OC.[Br+],COc1cc(C#Cc2cnc3[nH]c(Br)cc3c2)ccn1,0,0
1526,1526,1526,1526,c1(cnc2c(c1)cc[nH]2)C#Cc1cc(ncc1)OC.[Br+],COc1cc(C#Cc2cnc3[nH]ccc3c2)cc(Br)n1,0,0
1527,1527,1527,1527,c1(cnc2c(c1)cc[nH]2)C#Cc1cc(ncc1)OC.[Br+],COc1cc(C#Cc2cnc3[nH]ccc3c2)c(Br)cn1,0,0
1528,1528,1528,1528,c1(cnc2c(c1)cc[nH]2)C#Cc1cc(ncc1)OC.[Br+],COc1cc(C#Cc2cc3cc[nH]c3nc2Br)ccn1,0,0
1529,1529,1529,1529,c1(cnc2c(c1)cc[nH]2)C#Cc1cc(ncc1)OC.[Br+],COc1cc(C#Cc2cnc3[nH]ccc3c2Br)ccn1,0,0
1530,1530,1530,1530,c1(cnc2c(c1)cc[nH]2)C#Cc1cc(ncc1)OC.[Br+],COc1nccc(C#Cc2cnc3[nH]ccc3c2)c1Br,0,0
1538,1538,1538,1538,c1cnc2c(c1)cc([nH]2)C(CC1CCCC1)c1ccc(c(c1)Cl)S(=O)C.[Br+],CS(=O)c1ccc(C(CC2CCCC2)c2cc3cc(Br)cnc3[nH]2)cc1Cl,0,0
1539,1539,1539,1539,c1cnc2c(c1)cc([nH]2)C(CC1CCCC1)c1ccc(c(c1)Cl)S(=O)C.[Br+],CS(=O)c1ccc(C(CC2CCCC2)c2cc3ccc(Br)nc3[nH]2)cc1Cl,0,0
1540,1540,1540,1540,c1cnc2c(c1)cc([nH]2)C(CC1CCCC1)c1ccc(c(c1)Cl)S(=O)C.[Br+],CS(=O)c1ccc(C(CC2CCCC2)c2cc3c(Br)ccnc3[nH]2)cc1Cl,0,0
1541,1541,1541,1541,c1cnc2c(c1)cc([nH]2)C(CC1CCCC1)c1ccc(c(c1)Cl)S(=O)C.[Br+],CS(=O)c1ccc(C(CC2CCCC2)c2[nH]c3ncccc3c2Br)cc1Cl,1,0
1542,1542,1542,1542,c1cnc2c(c1)cc([nH]2)C(CC1CCCC1)c1ccc(c(c1)Cl)S(=O)C.[Br+],CS(=O)c1cc(Br)c(C(CC2CCCC2)c2cc3cccnc3[nH]2)cc1Cl,0,0
1543,1543,1543,1543,c1cnc2c(c1)cc([nH]2)C(CC1CCCC1)c1ccc(c(c1)Cl)S(=O)C.[Br+],CS(=O)c1c(Cl)cc(C(CC2CCCC2)c2cc3cccnc3[nH]2)cc1Br,0,0
1544,1544,1544,1544,c1cnc2c(c1)cc([nH]2)C(CC1CCCC1)c1ccc(c(c1)Cl)S(=O)C.[Br+],CS(=O)c1ccc(C(CC2CCCC2)c2cc3cccnc3[nH]2)c(Br)c1Cl,0,0
1545,1545,1545,1545,c1cnc2c(c1c1nc(=O)c3c([nH]1)cncc3C1CC1)cc[nH]2.[Br+],O=c1nc(-c2c(Br)cnc3[nH]ccc23)[nH]c2cncc(C3CC3)c12,0,0
1546,1546,1546,1546,c1cnc2c(c1c1nc(=O)c3c([nH]1)cncc3C1CC1)cc[nH]2.[Br+],O=c1nc(-c2cc(Br)nc3[nH]ccc23)[nH]c2cncc(C3CC3)c12,0,0
1547,1547,1547,1547,c1cnc2c(c1c1nc(=O)c3c([nH]1)cncc3C1CC1)cc[nH]2.[Br+],O=c1nc(-c2ccnc3[nH]cc(Br)c23)[nH]c2cncc(C3CC3)c12,1,0
1548,1548,1548,1548,c1cnc2c(c1c1nc(=O)c3c([nH]1)cncc3C1CC1)cc[nH]2.[Br+],O=c1nc(-c2ccnc3[nH]c(Br)cc23)[nH]c2cncc(C3CC3)c12,0,0
1549,1549,1549,1549,c1cnc2c(c1c1nc(=O)c3c([nH]1)cncc3C1CC1)cc[nH]2.[Br+],O=c1nc(-c2ccnc3[nH]ccc23)[nH]c2c(Br)ncc(C3CC3)c12,0,0
1550,1550,1550,1550,c1cnc2c(c1c1nc(=O)c3c([nH]1)cncc3C1CC1)cc[nH]2.[Br+],O=c1nc(-c2ccnc3[nH]ccc23)[nH]c2cnc(Br)c(C3CC3)c12,0,0
1588,1588,1588,1588,c1ccc2c(c1)[nH]nc2.[Br+],Brc1ccc2cn[nH]c2c1,0,0
1589,1589,1589,1589,c1ccc2c(c1)[nH]nc2.[Br+],Brc1ccc2[nH]ncc2c1,0,0
1590,1590,1590,1590,c1ccc2c(c1)[nH]nc2.[Br+],Brc1cccc2[nH]ncc12,0,0
1591,1591,1591,1591,c1ccc2c(c1)[nH]nc2.[Br+],Brc1cccc2cn[nH]c12,0,0
1592,1592,1592,1592,c1ccc2c(c1)[nH]nc2.[Br+],Brc1n[nH]c2ccccc12,1,0
1593,1593,1593,1593,c1(ccc2c(c1)[nH]nc2)O.[Br+],Oc1cc2[nH]ncc2cc1Br,0,0
1594,1594,1594,1594,c1(ccc2c(c1)[nH]nc2)O.[Br+],Oc1cc(Br)c2cn[nH]c2c1,0,0
1595,1595,1595,1595,c1(ccc2c(c1)[nH]nc2)O.[Br+],Oc1ccc2cn[nH]c2c1Br,1,0
1596,1596,1596,1596,c1(ccc2c(c1)[nH]nc2)O.[Br+],Oc1ccc2c(Br)n[nH]c2c1,0,0
1597,1597,1597,1597,c1c(cc2c(c1)[nH]nc2)C#N.[Br+],N#Cc1cc2cn[nH]c2cc1Br,0,0
1598,1598,1598,1598,c1c(cc2c(c1)[nH]nc2)C#N.[Br+],N#Cc1ccc2[nH]ncc2c1Br,0,0
1599,1599,1599,1599,c1c(cc2c(c1)[nH]nc2)C#N.[Br+],N#Cc1cc(Br)c2[nH]ncc2c1,0,0
1600,1600,1600,1600,c1c(cc2c(c1)[nH]nc2)C#N.[Br+],N#Cc1ccc2[nH]nc(Br)c2c1,1,0
1601,1601,1601,1601,c1c(cc2c(c1)[nH]nc2)Br.[Br+],Brc1cc2cn[nH]c2cc1Br,0,0
1602,1602,1602,1602,c1c(cc2c(c1)[nH]nc2)Br.[Br+],Brc1ccc2[nH]ncc2c1Br,0,0
1603,1603,1603,1603,c1c(cc2c(c1)[nH]nc2)Br.[Br+],Brc1cc(Br)c2[nH]ncc2c1,0,0
1604,1604,1604,1604,c1c(cc2c(c1)[nH]nc2)Br.[Br+],Brc1ccc2[nH]nc(Br)c2c1,1,0
1605,1605,1605,1605,c1c(cc2c(c1)[nH]nc2)F.[Br+],Fc1cc2cn[nH]c2cc1Br,0,0
1606,1606,1606,1606,c1c(cc2c(c1)[nH]nc2)F.[Br+],Fc1ccc2[nH]ncc2c1Br,0,0
1607,1607,1607,1607,c1c(cc2c(c1)[nH]nc2)F.[Br+],Fc1cc(Br)c2[nH]ncc2c1,0,0
1608,1608,1608,1608,c1c(cc2c(c1)[nH]nc2)F.[Br+],Fc1ccc2[nH]nc(Br)c2c1,1,0
1609,1609,1609,1609,c1c(cc2c(c1)[nH]nc2)C=O.[Br+],O=Cc1cc2cn[nH]c2cc1Br,0,0
1610,1610,1610,1610,c1c(cc2c(c1)[nH]nc2)C=O.[Br+],O=Cc1ccc2[nH]ncc2c1Br,0,0
1611,1611,1611,1611,c1c(cc2c(c1)[nH]nc2)C=O.[Br+],O=Cc1cc(Br)c2[nH]ncc2c1,0,0
1612,1612,1612,1612,c1c(cc2c(c1)[nH]nc2)C=O.[Br+],O=Cc1ccc2[nH]nc(Br)c2c1,1,0
1613,1613,1613,1613,c1ccc2c(c1I)[nH]nc2.[Br+],Brc1ccc2cn[nH]c2c1I,0,0
1614,1614,1614,1614,c1ccc2c(c1I)[nH]nc2.[Br+],Brc1cc(I)c2[nH]ncc2c1,0,0
1615,1615,1615,1615,c1ccc2c(c1I)[nH]nc2.[Br+],Brc1ccc(I)c2[nH]ncc12,0,0
1616,1616,1616,1616,c1ccc2c(c1I)[nH]nc2.[Br+],Brc1n[nH]c2c(I)cccc12,1,0
1617,1617,1617,1617,c1ccc2c(c1C#N)[nH]nc2.[Br+],N#Cc1c(Br)ccc2cn[nH]c12,0,0
1618,1618,1618,1618,c1ccc2c(c1C#N)[nH]nc2.[Br+],N#Cc1cc(Br)cc2cn[nH]c12,0,0
1619,1619,1619,1619,c1ccc2c(c1C#N)[nH]nc2.[Br+],N#Cc1ccc(Br)c2cn[nH]c12,0,0
1620,1620,1620,1620,c1ccc2c(c1C#N)[nH]nc2.[Br+],N#Cc1cccc2c(Br)n[nH]c12,1,0
1621,1621,1621,1621,c1c(cc2c(c1)[nH]nc2)C(=O)O.[Br+],O=C(O)c1cc2cn[nH]c2cc1Br,0,0
1622,1622,1622,1622,c1c(cc2c(c1)[nH]nc2)C(=O)O.[Br+],O=C(O)c1ccc2[nH]ncc2c1Br,0,0
1623,1623,1623,1623,c1c(cc2c(c1)[nH]nc2)C(=O)O.[Br+],O=C(O)c1cc(Br)c2[nH]ncc2c1,0,0
1624,1624,1624,1624,c1c(cc2c(c1)[nH]nc2)C(=O)O.[Br+],O=C(O)c1ccc2[nH]nc(Br)c2c1,1,0
1625,1625,1625,1625,c1c(cc2c(c1)[nH]nc2)N(=O)=O.[Br+],O=[N+]([O-])c1cc2cn[nH]c2cc1Br,0,0
1626,1626,1626,1626,c1c(cc2c(c1)[nH]nc2)N(=O)=O.[Br+],O=[N+]([O-])c1ccc2[nH]ncc2c1Br,0,0
1627,1627,1627,1627,c1c(cc2c(c1)[nH]nc2)N(=O)=O.[Br+],O=[N+]([O-])c1cc(Br)c2[nH]ncc2c1,0,0
1628,1628,1628,1628,c1c(cc2c(c1)[nH]nc2)N(=O)=O.[Br+],O=[N+]([O-])c1ccc2[nH]nc(Br)c2c1,1,0
1629,1629,1629,1629,c1cc(c2c(c1)[nH]nc2)N(=O)=O.[Br+],O=[N+]([O-])c1cc(Br)cc2[nH]ncc12,0,0
1630,1630,1630,1630,c1cc(c2c(c1)[nH]nc2)N(=O)=O.[Br+],O=[N+]([O-])c1c(Br)ccc2[nH]ncc12,0,0
1631,1631,1631,1631,c1cc(c2c(c1)[nH]nc2)N(=O)=O.[Br+],O=[N+]([O-])c1ccc(Br)c2[nH]ncc12,0,0
1632,1632,1632,1632,c1cc(c2c(c1)[nH]nc2)N(=O)=O.[Br+],O=[N+]([O-])c1cccc2[nH]nc(Br)c12,1,0
1647,1647,1647,1647,c1c(cc2c(c1C)[nH]nc2)C(=O)O.[Br+],Cc1c(Br)c(C(=O)O)cc2cn[nH]c12,0,0
1648,1648,1648,1648,c1c(cc2c(c1C)[nH]nc2)C(=O)O.[Br+],Cc1cc(C(=O)O)c(Br)c2cn[nH]c12,0,0
1649,1649,1649,1649,c1c(cc2c(c1C)[nH]nc2)C(=O)O.[Br+],Cc1cc(C(=O)O)cc2c(Br)n[nH]c12,1,0
1650,1650,1650,1650,c1c(cc2c(c1)[nH]nc2)O[Si](C)(C)C(C)(C)C.[Br+],CC(C)(C)[Si](C)(C)Oc1cc2cn[nH]c2cc1Br,0,0
1651,1651,1651,1651,c1c(cc2c(c1)[nH]nc2)O[Si](C)(C)C(C)(C)C.[Br+],CC(C)(C)[Si](C)(C)Oc1ccc2[nH]ncc2c1Br,0,0
1652,1652,1652,1652,c1c(cc2c(c1)[nH]nc2)O[Si](C)(C)C(C)(C)C.[Br+],CC(C)(C)[Si](C)(C)Oc1cc(Br)c2[nH]ncc2c1,0,0
1653,1653,1653,1653,c1c(cc2c(c1)[nH]nc2)O[Si](C)(C)C(C)(C)C.[Br+],CC(C)(C)[Si](C)(C)Oc1ccc2[nH]nc(Br)c2c1,1,0
1654,1654,1654,1654,c1ccc2c(c1)[nH]nc2C(F)(F)F.[Br+],FC(F)(F)c1n[nH]c2cc(Br)ccc12,0,0
1655,1655,1655,1655,c1ccc2c(c1)[nH]nc2C(F)(F)F.[Br+],FC(F)(F)c1n[nH]c2ccc(Br)cc12,1,0
1656,1656,1656,1656,c1ccc2c(c1)[nH]nc2C(F)(F)F.[Br+],FC(F)(F)c1n[nH]c2cccc(Br)c12,0,0
1657,1657,1657,1657,c1ccc2c(c1)[nH]nc2C(F)(F)F.[Br+],FC(F)(F)c1n[nH]c2c(Br)cccc12,1,0
1676,1676,1676,1676,c1(ccc2c(c1)[nH]nc2)O[Si](C(C)(C)C)(c1ccccc1)c1ccccc1.[Br+],CC(C)(C)[Si](Oc1ccc2cn[nH]c2c1)(c1ccccc1)c1cccc(Br)c1,0,0
1677,1677,1677,1677,c1(ccc2c(c1)[nH]nc2)O[Si](C(C)(C)C)(c1ccccc1)c1ccccc1.[Br+],CC(C)(C)[Si](Oc1ccc2cn[nH]c2c1)(c1ccccc1)c1ccc(Br)cc1,0,0
1678,1678,1678,1678,c1(ccc2c(c1)[nH]nc2)O[Si](C(C)(C)C)(c1ccccc1)c1ccccc1.[Br+],CC(C)(C)[Si](Oc1ccc2cn[nH]c2c1)(c1ccccc1)c1cccc(Br)c1,0,0
1679,1679,1679,1679,c1(ccc2c(c1)[nH]nc2)O[Si](C(C)(C)C)(c1ccccc1)c1ccccc1.[Br+],CC(C)(C)[Si](Oc1ccc2cn[nH]c2c1)(c1ccccc1)c1ccccc1Br,0,0
1680,1680,1680,1680,c1(ccc2c(c1)[nH]nc2)O[Si](C(C)(C)C)(c1ccccc1)c1ccccc1.[Br+],CC(C)(C)[Si](Oc1ccc2cn[nH]c2c1)(c1ccccc1)c1cccc(Br)c1,0,0
1681,1681,1681,1681,c1(ccc2c(c1)[nH]nc2)O[Si](C(C)(C)C)(c1ccccc1)c1ccccc1.[Br+],CC(C)(C)[Si](Oc1ccc2cn[nH]c2c1)(c1ccccc1)c1ccc(Br)cc1,0,0
1682,1682,1682,1682,c1(ccc2c(c1)[nH]nc2)O[Si](C(C)(C)C)(c1ccccc1)c1ccccc1.[Br+],CC(C)(C)[Si](Oc1ccc2cn[nH]c2c1)(c1ccccc1)c1cccc(Br)c1,0,0
1683,1683,1683,1683,c1(ccc2c(c1)[nH]nc2)O[Si](C(C)(C)C)(c1ccccc1)c1ccccc1.[Br+],CC(C)(C)[Si](Oc1ccc2cn[nH]c2c1)(c1ccccc1)c1ccccc1Br,0,0
1684,1684,1684,1684,c1(ccc2c(c1)[nH]nc2)O[Si](C(C)(C)C)(c1ccccc1)c1ccccc1.[Br+],CC(C)(C)[Si](Oc1cc2[nH]ncc2cc1Br)(c1ccccc1)c1ccccc1,0,0
1685,1685,1685,1685,c1(ccc2c(c1)[nH]nc2)O[Si](C(C)(C)C)(c1ccccc1)c1ccccc1.[Br+],CC(C)(C)[Si](Oc1cc(Br)c2cn[nH]c2c1)(c1ccccc1)c1ccccc1,0,0
1686,1686,1686,1686,c1(ccc2c(c1)[nH]nc2)O[Si](C(C)(C)C)(c1ccccc1)c1ccccc1.[Br+],CC(C)(C)[Si](Oc1ccc2cn[nH]c2c1Br)(c1ccccc1)c1ccccc1,0,0
1687,1687,1687,1687,c1(ccc2c(c1)[nH]nc2)O[Si](C(C)(C)C)(c1ccccc1)c1ccccc1.[Br+],CC(C)(C)[Si](Oc1ccc2c(Br)n[nH]c2c1)(c1ccccc1)c1ccccc1,1,0
1688,1688,1688,1688,c1(ccc2c(c1)[nH]nc2)O[Si](C(C)(C)C)(c1ccccc1)c1ccccc1.[Br+],CC(C)(C)[Si](Oc1ccc2cn[nH]c2c1)(c1ccccc1)c1ccccc1Br,0,0
1689,1689,1689,1689,c1(ccc2c(c1)[nH]nc2)O[Si](C(C)(C)C)(c1ccccc1)c1ccccc1.[Br+],CC(C)(C)[Si](Oc1ccc2cn[nH]c2c1)(c1ccccc1)c1ccccc1Br,0,0
1698,1698,1698,1698,c1ccc2c(c1)[nH]c(=O)[nH]2.[Br+],O=c1[nH]c2ccc(Br)cc2[nH]1,1,0
1699,1699,1699,1699,c1ccc2c(c1)[nH]c(=O)[nH]2.[Br+],O=c1[nH]c2ccc(Br)cc2[nH]1,1,0
1700,1700,1700,1700,c1ccc2c(c1)[nH]c(=O)[nH]2.[Br+],O=c1[nH]c2cccc(Br)c2[nH]1,0,0
1701,1701,1701,1701,c1ccc2c(c1)[nH]c(=O)[nH]2.[Br+],O=c1[nH]c2cccc(Br)c2[nH]1,0,0
1702,1702,1702,1702,c1c(cc2c(c1)nc([nH]2)C)C.[Br+],Cc1nc2cc(Br)c(C)cc2[nH]1,1,0
1703,1703,1703,1703,c1c(cc2c(c1)nc([nH]2)C)C.[Br+],Cc1nc2ccc(C)c(Br)c2[nH]1,0,0
1704,1704,1704,1704,c1c(cc2c(c1)nc([nH]2)C)C.[Br+],Cc1cc(Br)c2nc(C)[nH]c2c1,0,0
1705,1705,1705,1705,c1c(cc2c(c1)nc([nH]2)C1CC1)C.[Br+],Cc1cc2[nH]c(C3CC3)nc2cc1Br,1,0
1706,1706,1706,1706,c1c(cc2c(c1)nc([nH]2)C1CC1)C.[Br+],Cc1ccc2nc(C3CC3)[nH]c2c1Br,0,0
1707,1707,1707,1707,c1c(cc2c(c1)nc([nH]2)C1CC1)C.[Br+],Cc1cc(Br)c2nc(C3CC3)[nH]c2c1,0,0
1708,1708,1708,1708,c1cc(c2c(c1)nc([nH]2)C(F)(F)F)OC.[Br+],COc1cc(Br)cc2nc(C(F)(F)F)[nH]c12,0,0
1709,1709,1709,1709,c1cc(c2c(c1)nc([nH]2)C(F)(F)F)OC.[Br+],COc1c(Br)ccc2nc(C(F)(F)F)[nH]c12,0,0
1710,1710,1710,1710,c1cc(c2c(c1)nc([nH]2)C(F)(F)F)OC.[Br+],COc1ccc(Br)c2nc(C(F)(F)F)[nH]c12,1,0
1715,1715,1715,1715,O=[N+]([O-])C1=C2NN=CC2=CC=C1.[Br+],O=[N+]([O-])c1cc(Br)cc2cn[nH]c12,0,0
1716,1716,1716,1716,O=[N+]([O-])C1=C2NN=CC2=CC=C1.[Br+],O=[N+]([O-])c1c(Br)ccc2cn[nH]c12,0,0
1717,1717,1717,1717,O=[N+]([O-])C1=C2NN=CC2=CC=C1.[Br+],O=[N+]([O-])c1cccc2c(Br)n[nH]c12,1,0
1718,1718,1718,1718,O=[N+]([O-])C1=C2NN=CC2=CC=C1.[Br+],O=[N+]([O-])c1ccc(Br)c2cn[nH]c12,0,0
1719,1719,1719,1719,c1ccc2c(c1C(C)CC)n(c(=O)[nH]2)C.[Br+],CCC(C)c1c(Br)ccc2[nH]c(=O)n(C)c12,0,0
1720,1720,1720,1720,c1ccc2c(c1C(C)CC)n(c(=O)[nH]2)C.[Br+],CCC(C)c1cc(Br)cc2[nH]c(=O)n(C)c12,0,0
1721,1721,1721,1721,c1ccc2c(c1C(C)CC)n(c(=O)[nH]2)C.[Br+],CCC(C)c1ccc(Br)c2[nH]c(=O)n(C)c12,1,0
1726,1726,1726,1726,c1ccc2c(c1N(CC)CC)n(c(=O)[nH]2)C.[Br+],CCN(CC)c1c(Br)ccc2[nH]c(=O)n(C)c12,0,0
1727,1727,1727,1727,c1ccc2c(c1N(CC)CC)n(c(=O)[nH]2)C.[Br+],CCN(CC)c1cc(Br)cc2[nH]c(=O)n(C)c12,0,0
1728,1728,1728,1728,c1ccc2c(c1N(CC)CC)n(c(=O)[nH]2)C.[Br+],CCN(CC)c1ccc(Br)c2[nH]c(=O)n(C)c12,1,0
1737,1737,1737,1737,c1(ccc2c(c1)[nH]c(=O)[nH]2)c1c(cccc1OC(F)(F)F)Cl.[Br+],O=c1[nH]c2ccc(-c3c(OC(F)(F)F)ccc(Br)c3Cl)cc2[nH]1,0,0
1738,1738,1738,1738,c1(ccc2c(c1)[nH]c(=O)[nH]2)c1c(cccc1OC(F)(F)F)Cl.[Br+],O=c1[nH]c2ccc(-c3c(Cl)cc(Br)cc3OC(F)(F)F)cc2[nH]1,0,0
1739,1739,1739,1739,c1(ccc2c(c1)[nH]c(=O)[nH]2)c1c(cccc1OC(F)(F)F)Cl.[Br+],O=c1[nH]c2cc(Br)c(-c3c(Cl)cccc3OC(F)(F)F)cc2[nH]1,1,0
1740,1740,1740,1740,c1(ccc2c(c1)[nH]c(=O)[nH]2)c1c(cccc1OC(F)(F)F)Cl.[Br+],O=c1[nH]c2cc(-c3c(Cl)cccc3OC(F)(F)F)cc(Br)c2[nH]1,0,0
1741,1741,1741,1741,c1(ccc2c(c1)[nH]c(=O)[nH]2)c1c(cccc1OC(F)(F)F)Cl.[Br+],O=c1[nH]c2ccc(-c3c(Cl)cccc3OC(F)(F)F)c(Br)c2[nH]1,0,0
1742,1742,1742,1742,c1(ccc2c(c1)[nH]c(=O)[nH]2)c1c(cccc1OC(F)(F)F)Cl.[Br+],O=c1[nH]c2ccc(-c3c(Cl)ccc(Br)c3OC(F)(F)F)cc2[nH]1,0,0
1750,1750,1750,1750,c1c(nc2c(c1C(F)F)cn[nH]2)Cl.[Br+],FC(F)c1c(Br)c(Cl)nc2[nH]ncc12,0,0
1751,1751,1751,1751,c1c(nc2c(c1C(F)F)cn[nH]2)Cl.[Br+],FC(F)c1cc(Cl)nc2[nH]nc(Br)c12,1,0
1823,1823,1823,1823,c1ccc2c(c1)[nH]c1c2ccnc1C1=NCCC1.[Br+],Brc1ccc2c(c1)[nH]c1c(C3=NCCC3)nccc12,0,0
1824,1824,1824,1824,c1ccc2c(c1)[nH]c1c2ccnc1C1=NCCC1.[Br+],Brc1ccc2[nH]c3c(C4=NCCC4)nccc3c2c1,1,0
1825,1825,1825,1825,c1ccc2c(c1)[nH]c1c2ccnc1C1=NCCC1.[Br+],Brc1cnc(C2=NCCC2)c2[nH]c3ccccc3c12,0,0
1826,1826,1826,1826,c1ccc2c(c1)[nH]c1c2ccnc1C1=NCCC1.[Br+],Brc1cc2c([nH]c3ccccc32)c(C2=NCCC2)n1,0,0
1827,1827,1827,1827,c1ccc2c(c1)[nH]c1c2ccnc1C1=NCCC1.[Br+],Brc1cccc2[nH]c3c(C4=NCCC4)nccc3c12,0,0
1828,1828,1828,1828,c1ccc2c(c1)[nH]c1c2ccnc1C1=NCCC1.[Br+],Brc1cccc2c1[nH]c1c(C3=NCCC3)nccc12,0,0
1877,1877,1877,1877,c1(ccc[nH]c1=O)S(F)(F)(F)(F)F.[Br+],O=c1[nH]cc(Br)cc1S(F)(F)(F)(F)F,1,0
1878,1878,1878,1878,c1(ccc[nH]c1=O)S(F)(F)(F)(F)F.[Br+],O=c1[nH]c(Br)ccc1S(F)(F)(F)(F)F,0,0
1879,1879,1879,1879,c1(ccc[nH]c1=O)S(F)(F)(F)(F)F.[Br+],O=c1[nH]ccc(Br)c1S(F)(F)(F)(F)F,0,0
2023,2023,2023,2023,c1(cccc(c1)c1cc2c(nc1)oc(c2)c1ccc(cc1)F)C(=O)O.[Br+],O=C(O)c1cc(Br)cc(-c2cnc3oc(-c4ccc(F)cc4)cc3c2)c1,0,0
2024,2024,2024,2024,c1(cccc(c1)c1cc2c(nc1)oc(c2)c1ccc(cc1)F)C(=O)O.[Br+],O=C(O)c1ccc(Br)c(-c2cnc3oc(-c4ccc(F)cc4)cc3c2)c1,0,0
2025,2025,2025,2025,c1(cccc(c1)c1cc2c(nc1)oc(c2)c1ccc(cc1)F)C(=O)O.[Br+],O=C(O)c1cccc(-c2cnc3oc(-c4ccc(F)c(Br)c4)cc3c2)c1,0,0
2026,2026,2026,2026,c1(cccc(c1)c1cc2c(nc1)oc(c2)c1ccc(cc1)F)C(=O)O.[Br+],O=C(O)c1cccc(-c2cnc3oc(-c4ccc(F)cc4Br)cc3c2)c1,0,0
2027,2027,2027,2027,c1(cccc(c1)c1cc2c(nc1)oc(c2)c1ccc(cc1)F)C(=O)O.[Br+],O=C(O)c1cc(-c2cnc3oc(-c4ccc(F)cc4)cc3c2)ccc1Br,0,0
2028,2028,2028,2028,c1(cccc(c1)c1cc2c(nc1)oc(c2)c1ccc(cc1)F)C(=O)O.[Br+],O=C(O)c1cccc(-c2cnc3oc(-c4ccc(F)cc4)cc3c2)c1Br,0,0
2029,2029,2029,2029,c1(cccc(c1)c1cc2c(nc1)oc(c2)c1ccc(cc1)F)C(=O)O.[Br+],O=C(O)c1cccc(-c2cnc3oc(-c4ccc(F)cc4)cc3c2Br)c1,0,0
2030,2030,2030,2030,c1(cccc(c1)c1cc2c(nc1)oc(c2)c1ccc(cc1)F)C(=O)O.[Br+],O=C(O)c1cccc(-c2cc3cc(-c4ccc(F)cc4)oc3nc2Br)c1,0,0
2031,2031,2031,2031,c1(cccc(c1)c1cc2c(nc1)oc(c2)c1ccc(cc1)F)C(=O)O.[Br+],O=C(O)c1cccc(-c2cnc3oc(-c4ccc(F)cc4)c(Br)c3c2)c1,1,0
2032,2032,2032,2032,c1(cccc(c1)c1cc2c(nc1)oc(c2)c1ccc(cc1)F)C(=O)O.[Br+],O=C(O)c1cccc(-c2cnc3oc(-c4ccc(F)cc4Br)cc3c2)c1,0,0
2033,2033,2033,2033,c1(cccc(c1)c1cc2c(nc1)oc(c2)c1ccc(cc1)F)C(=O)O.[Br+],O=C(O)c1cccc(-c2cnc3oc(-c4ccc(F)c(Br)c4)cc3c2)c1,0,0
2034,2034,2034,2034,c1([nH]c(=O)c2c(c1)occ2c1ccccc1)SC.[Br+],CSc1cc2occ(-c3cccc(Br)c3)c2c(=O)[nH]1,0,0
2035,2035,2035,2035,c1([nH]c(=O)c2c(c1)occ2c1ccccc1)SC.[Br+],CSc1cc2occ(-c3ccc(Br)cc3)c2c(=O)[nH]1,0,0
2036,2036,2036,2036,c1([nH]c(=O)c2c(c1)occ2c1ccccc1)SC.[Br+],CSc1cc2occ(-c3cccc(Br)c3)c2c(=O)[nH]1,0,0
2037,2037,2037,2037,c1([nH]c(=O)c2c(c1)occ2c1ccccc1)SC.[Br+],CSc1cc2occ(-c3ccccc3Br)c2c(=O)[nH]1,0,0
2038,2038,2038,2038,c1([nH]c(=O)c2c(c1)occ2c1ccccc1)SC.[Br+],CSc1[nH]c(=O)c2c(-c3ccccc3)coc2c1Br,0,0
2039,2039,2039,2039,c1([nH]c(=O)c2c(c1)occ2c1ccccc1)SC.[Br+],CSc1cc2oc(Br)c(-c3ccccc3)c2c(=O)[nH]1,1,0
2040,2040,2040,2040,c1([nH]c(=O)c2c(c1)occ2c1ccccc1)SC.[Br+],CSc1cc2occ(-c3ccccc3Br)c2c(=O)[nH]1,0,0
2065,2065,2065,2065,c1(ccc2c(c1)c(co2)C)/C=C\1/SC(=O)NC1=O.[Br+],Cc1coc2cc(Br)c(/C=C3/SC(=O)NC3=O)cc12,0,0
2066,2066,2066,2066,c1(ccc2c(c1)c(co2)C)/C=C\1/SC(=O)NC1=O.[Br+],Cc1coc2c(Br)cc(/C=C3/SC(=O)NC3=O)cc12,0,0
2067,2067,2067,2067,c1(ccc2c(c1)c(co2)C)/C=C\1/SC(=O)NC1=O.[Br+],Cc1coc2ccc(/C=C3/SC(=O)NC3=O)c(Br)c12,0,0
2068,2068,2068,2068,c1(ccc2c(c1)c(co2)C)/C=C\1/SC(=O)NC1=O.[Br+],Cc1c(Br)oc2ccc(/C=C3/SC(=O)NC3=O)cc12,1,0
2090,2090,2090,2090,c1ncnc(c1)c1cc2c(nc1c1ccco1)[nH]c(=O)[nH]2.[Br+],O=c1[nH]c2cc(-c3ccncn3)c(-c3cc(Br)co3)nc2[nH]1,0,0
2091,2091,2091,2091,c1ncnc(c1)c1cc2c(nc1c1ccco1)[nH]c(=O)[nH]2.[Br+],O=c1[nH]c2cc(-c3ccncn3)c(-c3ccc(Br)o3)nc2[nH]1,1,0
2092,2092,2092,2092,c1ncnc(c1)c1cc2c(nc1c1ccco1)[nH]c(=O)[nH]2.[Br+],O=c1[nH]c2cc(-c3cc(Br)ncn3)c(-c3ccco3)nc2[nH]1,0,0
2093,2093,2093,2093,c1ncnc(c1)c1cc2c(nc1c1ccco1)[nH]c(=O)[nH]2.[Br+],O=c1[nH]c2cc(-c3ccnc(Br)n3)c(-c3ccco3)nc2[nH]1,0,0
2094,2094,2094,2094,c1ncnc(c1)c1cc2c(nc1c1ccco1)[nH]c(=O)[nH]2.[Br+],O=c1[nH]c2cc(-c3ncncc3Br)c(-c3ccco3)nc2[nH]1,0,0
2095,2095,2095,2095,c1ncnc(c1)c1cc2c(nc1c1ccco1)[nH]c(=O)[nH]2.[Br+],O=c1[nH]c2nc(-c3ccco3)c(-c3ccncn3)c(Br)c2[nH]1,0,0
2096,2096,2096,2096,c1ncnc(c1)c1cc2c(nc1c1ccco1)[nH]c(=O)[nH]2.[Br+],O=c1[nH]c2cc(-c3ccncn3)c(-c3occc3Br)nc2[nH]1,0,0
2197,2197,2197,2197,c1(=O)[nH]c(=O)c(n[nH]1)c1ccco1.[Br+],O=c1[nH]nc(-c2cc(Br)co2)c(=O)[nH]1,0,0
2198,2198,2198,2198,c1(=O)[nH]c(=O)c(n[nH]1)c1ccco1.[Br+],O=c1[nH]nc(-c2ccc(Br)o2)c(=O)[nH]1,1,0
2199,2199,2199,2199,c1(=O)[nH]c(=O)c(n[nH]1)c1ccco1.[Br+],O=c1[nH]nc(-c2occc2Br)c(=O)[nH]1,0,0
2611,2611,2611,2611,CN(N=C1)C=C1C(S2)=NC3=C2C(NC=C3)=O.[Br+],Cn1cc(-c2nc3cc(Br)[nH]c(=O)c3s2)cn1,0,0
2612,2612,2612,2612,CN(N=C1)C=C1C(S2)=NC3=C2C(NC=C3)=O.[Br+],Cn1cc(-c2nc3c(Br)c[nH]c(=O)c3s2)cn1,1,0
2613,2613,2613,2613,CN(N=C1)C=C1C(S2)=NC3=C2C(NC=C3)=O.[Br+],Cn1cc(-c2nc3cc[nH]c(=O)c3s2)c(Br)n1,0,0
2614,2614,2614,2614,CN(N=C1)C=C1C(S2)=NC3=C2C(NC=C3)=O.[Br+],Cn1ncc(-c2nc3cc[nH]c(=O)c3s2)c1Br,0,0
2634,2634,2634,2634,ClC1=CC=C(N2N=NC(Cl)=C2)C(C(NC=N3)=CC3=O)=C1.[Br+],O=c1cc(-c2cc(Cl)c(Br)cc2-n2cc(Cl)nn2)[nH]cn1,0,0
2635,2635,2635,2635,ClC1=CC=C(N2N=NC(Cl)=C2)C(C(NC=N3)=CC3=O)=C1.[Br+],O=c1cc(-c2cc(Cl)cc(Br)c2-n2cc(Cl)nn2)[nH]cn1,0,0
2636,2636,2636,2636,ClC1=CC=C(N2N=NC(Cl)=C2)C(C(NC=N3)=CC3=O)=C1.[Br+],O=c1cc(-c2cc(Cl)ccc2-n2nnc(Cl)c2Br)[nH]cn1,0,0
2637,2637,2637,2637,ClC1=CC=C(N2N=NC(Cl)=C2)C(C(NC=N3)=CC3=O)=C1.[Br+],O=c1cc(-c2cc(Cl)ccc2-n2cc(Cl)nn2)[nH]c(Br)n1,0,0
2638,2638,2638,2638,ClC1=CC=C(N2N=NC(Cl)=C2)C(C(NC=N3)=CC3=O)=C1.[Br+],O=c1nc[nH]c(-c2cc(Cl)ccc2-n2cc(Cl)nn2)c1Br,1,0
2639,2639,2639,2639,ClC1=CC=C(N2N=NC(Cl)=C2)C(C(NC=N3)=CC3=O)=C1.[Br+],O=c1cc(-c2c(-n3cc(Cl)nn3)ccc(Cl)c2Br)[nH]cn1,0,0
2640,2640,2640,2640,ClC1=CC=C(N2N=NC=C2)C(C(NC=N3)=CC3=O)=C1F.[Br+],O=c1cc(-c2c(-n3cc(Br)nn3)ccc(Cl)c2F)[nH]cn1,0,0
2641,2641,2641,2641,ClC1=CC=C(N2N=NC=C2)C(C(NC=N3)=CC3=O)=C1F.[Br+],O=c1cc(-c2c(-n3nncc3Br)ccc(Cl)c2F)[nH]cn1,0,0
2642,2642,2642,2642,ClC1=CC=C(N2N=NC=C2)C(C(NC=N3)=CC3=O)=C1F.[Br+],O=c1cc(-c2c(-n3ccnn3)cc(Br)c(Cl)c2F)[nH]cn1,0,0
2643,2643,2643,2643,ClC1=CC=C(N2N=NC=C2)C(C(NC=N3)=CC3=O)=C1F.[Br+],O=c1cc(-c2c(F)c(Cl)cc(Br)c2-n2ccnn2)[nH]cn1,0,0
2644,2644,2644,2644,ClC1=CC=C(N2N=NC=C2)C(C(NC=N3)=CC3=O)=C1F.[Br+],O=c1cc(-c2c(-n3ccnn3)ccc(Cl)c2F)[nH]c(Br)n1,0,0
2645,2645,2645,2645,ClC1=CC=C(N2N=NC=C2)C(C(NC=N3)=CC3=O)=C1F.[Br+],O=c1nc[nH]c(-c2c(-n3ccnn3)ccc(Cl)c2F)c1Br,1,0
2646,2646,2646,2646,ClC1=CC=C(Br)C(C(NC=N2)=CC2=O)=C1.[Br+],O=c1cc(-c2cc(Cl)c(Br)cc2Br)[nH]cn1,0,0
2647,2647,2647,2647,ClC1=CC=C(Br)C(C(NC=N2)=CC2=O)=C1.[Br+],O=c1cc(-c2cc(Cl)cc(Br)c2Br)[nH]cn1,0,0
2648,2648,2648,2648,ClC1=CC=C(Br)C(C(NC=N2)=CC2=O)=C1.[Br+],O=c1cc(-c2cc(Cl)ccc2Br)[nH]c(Br)n1,0,0
2649,2649,2649,2649,ClC1=CC=C(Br)C(C(NC=N2)=CC2=O)=C1.[Br+],O=c1nc[nH]c(-c2cc(Cl)ccc2Br)c1Br,1,0
2650,2650,2650,2650,ClC1=CC=C(Br)C(C(NC=N2)=CC2=O)=C1.[Br+],O=c1cc(-c2c(Br)ccc(Cl)c2Br)[nH]cn1,0,0
